0,0,0,1.5,0,0,0,0,32.6779,0.662166
0.01,0,0.00163389,1.50003,0,0.326779,0.00662166,0,32.6779,0.662166
0.02,0,0.00653557,1.50013,0,0.653557,0.0132433,0,32.6779,0.662166
0.03,0,0.014705,1.5003,0,0.980336,0.019865,0,32.6779,0.662166
0.04,0,0.0261423,1.50053,0,1.30711,0.0264867,0,32.6779,0.662166
0.05,0,0.0401089,1.50083,0,1.41421,0.0331083,0,0,0.662166
0.06,0,0.0542511,1.50119,0,1.41421,0.03973,0,0,0.662166
0.07,0,0.0683932,1.50162,0,1.41421,0.0463516,0,0,0.662166
0.08,0,0.0825353,1.50212,0,1.41421,0.0529733,0,0,0.662166
0.09,0,0.0966775,1.50268,0,1.41421,0.059595,0,0,0.662166
0.1,0,0.11082,1.50331,0,1.41421,0.0662166,0,0,0.662166
0.11,0,0.124962,1.50401,0,1.41421,0.0728383,0,0,0.662166
0.12,0,0.139104,1.50477,0,1.41421,0.07946,0,0,0.662166
0.13,0,0.153246,1.5056,0,1.41421,0.0860816,0,0,0.662166
0.14,0,0.167388,1.50649,0,1.41421,0.0927033,0,0,0.662166
0.15,0,0.18153,1.50745,0,1.41421,0.099325,0,0,0.662166
0.16,0,0.195672,1.50848,0,1.41421,0.105947,0,0,0.662166
0.17,0,0.209815,1.50957,0,1.41421,0.112568,0,0,0.662166
0.18,0,0.223957,1.51073,0,1.41421,0.11919,0,0,0.662166
0.19,0,0.238099,1.51195,0,1.41421,0.125812,0,0,0.662166
0.2,0,0.252241,1.51324,0,1.41421,0.132433,0,0,0.662166
0.21,0,0.266383,1.5146,0,1.41421,0.139055,0,0,0.662166
0.22,0,0.280525,1.51602,0,1.41421,0.145677,0,0,0.662166
0.23,0,0.294667,1.51751,0,1.41421,0.152298,0,0,0.662166
0.24,0,0.30881,1.51907,0,1.41421,0.15892,0,0,0.662166
0.25,0,0.322952,1.52069,0,1.41421,0.165542,0,0,0.662166
0.26,0,0.337094,1.52238,0,1.41421,0.172163,0,0,0.662166
0.27,0,0.351236,1.52414,0,1.41421,0.178785,0,0,0.662166
0.28,0,0.365378,1.52596,0,1.41421,0.185407,0,0,0.662166
0.29,0,0.37952,1.52784,0,1.41421,0.192028,0,0,0.662166
0.3,0,0.393662,1.5298,0,1.41421,0.19865,0,0,0.662166
0.31,0,0.407804,1.53182,0,1.41421,0.205272,0,0,0.662166
0.32,0,0.421947,1.5339,0,1.41421,0.211893,0,0,0.662166
0.33,0,0.436089,1.53605,0,1.41421,0.218515,0,0,0.662166
0.34,0,0.450231,1.53827,0,1.41421,0.225137,0,0,0.662166
0.35,0,0.464373,1.54056,0,1.41421,0.231758,0,0,0.662166
0.36,0,0.478515,1.54291,0,1.41421,0.23838,0,0,0.662166
0.37,0,0.492657,1.54533,0,1.41421,0.245002,0,0,0.662166
0.38,0,0.506799,1.54781,0,1.41421,0.251623,0,0,0.662166
0.39,0,0.520942,1.55036,0,1.41421,0.258245,0,0,0.662166
0.4,0,0.535084,1.55297,0,1.41421,0.264867,0,0,0.662166
0.41,0,0.549226,1.55566,0,1.41421,0.271488,0,0,0.662166
0.42,0,0.563368,1.5584,0,1.41421,0.27811,0,0,0.662166
0.43,0,0.57751,1.56122,0,1.41421,0.284732,0,0,0.662166
0.44,0,0.591652,1.5641,0,1.41421,0.291353,0,0,0.662166
0.45,0,0.605794,1.56704,0,1.41421,0.297975,0,0,0.662166
0.46,0,0.619936,1.57006,0,1.41421,0.304597,0,0,0.662166
0.47,0,0.634079,1.57314,0,1.41421,0.311218,0,0,0.662166
0.48,0,0.648221,1.57628,0,1.41421,0.31784,0,0,0.662166
0.49,0,0.662363,1.57949,0,1.41421,0.324462,0,0,0.662166
0.5,0,0.676505,1.58277,0,1.41421,0.331083,0,0,0.662166
0.51,0,0.690647,1.58611,0,1.41421,0.337705,0,0,0.662166
0.52,0,0.704789,1.58952,0,1.41421,0.344327,0,0,0.662166
0.53,0,0.718931,1.593,0,1.41421,0.350948,0,0,0.662166
0.54,0,0.733074,1.59654,0,1.41421,0.35757,0,0,0.662166
0.55,0,0.747216,1.60015,0,1.41421,0.364192,0,0,0.662166
0.56,0,0.761358,1.60383,0,1.41421,0.370813,0,0,0.662166
0.57,0,0.7755,1.60757,0,1.41421,0.377435,0,0,0.662166
0.58,0,0.789642,1.61138,0,1.41421,0.384057,0,0,0.662166
0.59,0,0.803784,1.61525,0,1.41421,0.390678,0,0,0.662166
0.6,0,0.817926,1.61919,0,1.41421,0.3973,0,0,0.662166
0.61,0,0.832069,1.6232,0,1.41421,0.403921,0,0,0.662166
0.62,0,0.846211,1.62727,0,1.41421,0.410543,0,0,0.662166
0.63,0,0.860353,1.63141,0,1.41421,0.417165,0,0,0.662166
0.64,0,0.874495,1.63561,0,1.41421,0.423786,0,0,0.662166
0.65,0,0.888637,1.63988,0,1.41421,0.430408,0,0,0.662166
0.66,0,0.902779,1.64422,0,1.41421,0.43703,0,0,0.662166
0.67,0,0.916921,1.64862,0,1.41421,0.443651,0,0,0.662166
0.68,0,0.931063,1.65309,0,1.41421,0.450273,0,0,0.662166
0.69,0,0.945206,1.65763,0,1.41421,0.456895,0,0,0.662166
0.7,0,0.959348,1.66223,0,1.41421,0.463516,0,0,0.662166
0.71,0,0.97349,1.6669,0,1.41421,0.470138,0,0,0.662166
0.72,0,0.987632,1.67163,0,1.41421,0.47676,0,0,0.662166
0.73,0,1.00177,1.67643,0,1.41421,0.483381,0,0,0.662166
0.74,0,1.01592,1.6813,0,1.41421,0.490003,0,0,0.662166
0.75,0,1.03006,1.68623,0,1.41421,0.496625,0,0,0.662166
0.76,0,1.0442,1.69123,0,1.41421,0.503246,0,0,0.662166
0.77,0,1.05834,1.6963,0,1.41421,0.509868,0,0,0.662166
0.78,0,1.07248,1.70143,0,1.41421,0.51649,0,0,0.662166
0.79,0,1.08663,1.70663,0,1.41421,0.523111,0,0,0.662166
0.8,0,1.10077,1.71189,0,1.41421,0.529733,0,0,0.662166
0.81,0,1.11491,1.71722,0,1.41421,0.536355,0,0,0.662166
0.82,0,1.12905,1.72262,0,1.41421,0.542976,0,0,0.662166
0.83,0,1.1432,1.72808,0,1.41421,0.549598,0,0,0.662166
0.84,0,1.15734,1.73361,0,1.41421,0.55622,0,0,0.662166
0.85,0,1.17148,1.73921,0,1.41421,0.562841,0,0,0.662166
0.86,0,1.18562,1.74487,0,1.41421,0.569463,0,0,0.662166
0.87,0,1.19976,1.7506,0,1.41421,0.576085,0,0,0.662166
0.88,0,1.21391,1.75639,0,1.41421,0.582706,0,0,0.662166
0.89,0,1.22805,1.76225,0,1.41421,0.589328,0,0,0.662166
0.9,0,1.24219,1.76818,0,1.41421,0.59595,0,0,0.662166
0.91,0,1.25633,1.77417,0,1.41421,0.602571,0,0,0.662166
0.92,0,1.27047,1.78023,0,1.41421,0.609193,0,0,0.662166
0.93,0,1.28462,1.78635,0,1.41421,0.615815,0,0,0.662166
0.94,0,1.29876,1.79255,0,1.41421,0.622436,0,0,0.662166
0.95,0,1.3129,1.7988,0,1.41421,0.629058,0,0,0.662166
0.96,0,1.32704,1.80513,0,1.41421,0.63568,0,0,0.662166
0.97,0,1.34119,1.81152,0,1.41421,0.642301,0,0,0.662166
0.98,0,1.35533,1.81797,0,1.41421,0.648923,0,0,0.662166
0.99,0,1.36947,1.82449,0,1.41421,0.655545,0,0,0.662166
1,0,1.38361,1.83108,0,1.41421,0.662166,0,0,0.662166
1.01,0,1.39775,1.83774,0,1.41421,0.668788,0,0,0.662166
1.02,0,1.4119,1.84446,0,1.41421,0.67541,0,0,0.662166
1.03,0,1.42604,1.85125,0,1.41421,0.682031,0,0,0.662166
1.04,0,1.44018,1.8581,0,1.41421,0.688653,0,0,0.662166
1.05,0,1.45432,1.86502,0,1.41421,0.695275,0,0,0.662166
1.06,0,1.46846,1.87201,0,1.41421,0.701896,0,0,0.662166
1.07,0,1.48261,1.87906,0,1.41421,0.708518,0,0,0.662166
1.08,0,1.49675,1.88618,0,1.41421,0.71514,0,0,0.662166
1.09,0,1.51089,1.89336,0,1.41421,0.721761,0,0,0.662166
1.1,0,1.52503,1.90061,0,1.41421,0.728383,0,0,0.662166
1.11,0,1.53918,1.90793,0,1.41421,0.735005,0,0,0.662166
1.12,0,1.55332,1.91531,0,1.41421,0.741626,0,0,0.662166
1.13,0,1.56746,1.92276,0,1.41421,0.748248,0,0,0.662166
1.14,0,1.5816,1.93028,0,1.41421,0.75487,0,0,0.662166
1.15,0,1.59574,1.93786,0,1.41421,0.761491,0,0,0.662166
1.16,0,1.60989,1.94551,0,1.41421,0.768113,0,0,0.662166
1.17,0,1.62403,1.95322,0,1.41421,0.774735,0,0,0.662166
1.18,0,1.63817,1.961,0,1.41421,0.781356,0,0,0.662166
1.19,0,1.65231,1.96885,0,1.41421,0.787978,0,0,0.662166
1.2,0,1.66645,1.97676,0,1.41421,0.7946,0,0,0.662166
1.21,0,1.6806,1.98474,0,1.41421,0.801221,0,0,0.662166
1.22,0,1.69474,1.99278,0,1.41421,0.807843,0,0,0.662166
1.23,0,1.70888,2.0009,0,1.41421,0.814465,0,0,0.662166
1.24,0,1.72302,2.00907,0,1.41421,0.821086,0,0,0.662166
1.25,0,1.73717,2.01732,0,1.41421,0.827708,0,0,0.662166
1.26,0,1.75131,2.02563,0,1.41421,0.83433,0,0,0.662166
1.27,0,1.76545,2.034,0,1.41421,0.840951,0,0,0.662166
1.28,0,1.77959,2.04245,0,1.41421,0.847573,0,0,0.662166
1.29,0,1.79373,2.05096,0,1.41421,0.854195,0,0,0.662166
1.3,0,1.80788,2.05953,0,1.41421,0.860816,0,0,0.662166
1.31,0,1.82202,2.06817,0,1.41421,0.867438,0,0,0.662166
1.32,0,1.83616,2.07688,0,1.41421,0.87406,0,0,0.662166
1.33,0,1.8503,2.08565,0,1.41421,0.880681,0,0,0.662166
1.34,0,1.86444,2.09449,0,1.41421,0.887303,0,0,0.662166
1.35,0,1.87859,2.1034,0,1.41421,0.893925,0,0,0.662166
1.36,0,1.89273,2.11237,0,1.41421,0.900546,0,0,0.662166
1.37,0,1.90687,2.12141,0,1.41421,0.907168,0,0,0.662166
1.38,0,1.92101,2.13051,0,1.41421,0.91379,0,0,0.662166
1.39,0,1.93516,2.13969,0,1.41421,0.920411,0,0,0.662166
1.4,0,1.9493,2.14892,0,1.41421,0.927033,0,0,0.662166
1.41,0,1.96344,2.15823,0,1.41421,0.933655,0,0,0.662166
1.42,0,1.97758,2.1676,0,1.41421,0.940276,0,0,0.662166
1.43,0,1.99172,2.17703,0,1.41421,0.946898,0,0,0.662166
1.44,0,2.00587,2.18653,0,1.41421,0.95352,0,0,0.662166
1.45,0,2.02001,2.1961,0,1.41421,0.960141,0,0,0.662166
1.46,0,2.03415,2.20574,0,1.41421,0.966763,0,0,0.662166
1.47,0,2.04829,2.21544,0,1.41421,0.973385,0,0,0.662166
1.48,0,2.06243,2.2252,0,1.41421,0.980006,0,0,0.662166
1.49,0,2.07658,2.23504,0,1.41421,0.986628,0,0,0.662166
1.5,0,2.09072,2.24494,0,1.41421,0.99325,0,0,0.662166
1.51,0,2.10486,2.2549,0,1.41421,0.999871,0,0,0.662166
1.52,0,2.119,2.26493,0,1.41421,1.00649,0,0,0.662166
1.53,0,2.13315,2.27503,0,1.41421,1.01311,0,0,0.662166
1.54,0,2.14729,2.2852,0,1.41421,1.01974,0,0,0.662166
1.55,0,2.16143,2.29543,0,1.41421,1.02636,0,0,0.662166
1.56,0,2.17557,2.30572,0,1.41421,1.03298,0,0,0.662166
1.57,0,2.18971,2.31609,0,1.41421,1.0396,0,0,0.662166
1.58,0,2.20386,2.32652,0,1.41421,1.04622,0,0,0.662166
1.59,0,2.218,2.33701,0,1.41421,1.05284,0,0,0.662166
1.6,0,2.23214,2.34757,0,1.41421,1.05947,0,0,0.662166
1.61,0,2.24628,2.3582,0,1.41421,1.06609,0,0,0.662166
1.62,0,2.26042,2.36889,0,1.41421,1.07271,0,0,0.662166
1.63,0,2.27457,2.37965,0,1.41421,1.07933,0,0,0.662166
1.64,0,2.28871,2.39048,0,1.41421,1.08595,0,0,0.662166
1.65,0,2.30285,2.40137,0,1.41421,1.09257,0,0,0.662166
1.66,0,2.31699,2.41233,0,1.41421,1.0992,0,0,0.662166
1.67,0,2.33113,2.42336,0,1.41421,1.10582,0,0,0.662166
1.68,0,2.34528,2.43445,0,1.41421,1.11244,0,0,0.662166
1.69,0,2.35942,2.44561,0,1.41421,1.11906,0,0,0.662166
1.7,0,2.37356,2.45683,0,1.41421,1.12568,0,0,0.662166
1.71,0,2.3877,2.46812,0,1.41421,1.1323,0,0,0.662166
1.72,0,2.40185,2.47948,0,1.41421,1.13893,0,0,0.662166
1.73,0,2.41599,2.4909,0,1.41421,1.14555,0,0,0.662166
1.74,0,2.43013,2.50239,0,1.41421,1.15217,0,0,0.662166
1.75,0,2.44427,2.51394,0,1.41421,1.15879,0,0,0.662166
1.76,0,2.45841,2.52556,0,1.41421,1.16541,0,0,0.662166
1.77,0,2.47256,2.53725,0,1.41421,1.17203,0,0,0.662166
1.78,0,2.4867,2.549,0,1.41421,1.17866,0,0,0.662166
1.79,0,2.50084,2.56082,0,1.41421,1.18528,0,0,0.662166
1.8,0,2.51498,2.57271,0,1.41421,1.1919,0,0,0.662166
1.81,0,2.52912,2.58466,0,1.41421,1.19852,0,0,0.662166
1.82,0,2.54327,2.59668,0,1.41421,1.20514,0,0,0.662166
1.83,0,2.55741,2.60876,0,1.41421,1.21176,0,0,0.662166
1.84,0,2.57155,2.62092,0,1.41421,1.21839,0,0,0.662166
1.85,0,2.58569,2.63313,0,1.41421,1.22501,0,0,0.662166
1.86,0,2.59984,2.64542,0,1.41421,1.23163,0,0,0.662166
1.87,0,2.61398,2.65776,0,1.41421,1.23825,0,0,0.662166
1.88,0,2.62812,2.67018,0,1.41421,1.24487,0,0,0.662166
1.89,0,2.64226,2.68266,0,1.41421,1.25149,0,0,0.662166
1.9,0,2.6564,2.69521,0,1.41421,1.25812,0,0,0.662166
1.91,0,2.67055,2.70782,0,1.41421,1.26474,0,0,0.662166
1.92,0,2.68469,2.72051,0,1.41421,1.27136,0,0,0.662166
1.93,0,2.69883,2.73325,0,1.41421,1.27798,0,0,0.662166
1.94,0,2.71297,2.74606,0,1.41421,1.2846,0,0,0.662166
1.95,0,2.72711,2.75894,0,1.41421,1.29122,0,0,0.662166
1.96,0,2.74126,2.77189,0,1.41421,1.29785,0,0,0.662166
1.97,0,2.7554,2.7849,0,1.41421,1.30447,0,0,0.662166
1.98,0,2.76954,2.79798,0,1.41421,1.31109,0,0,0.662166
1.99,0,2.78368,2.81112,0,1.41421,1.31771,0,0,0.662166
2,0,2.79783,2.82433,0,1.41421,1.32433,0,0,0.662166
2.01,0,2.81197,2.83761,0,1.41421,1.33095,0,0,0.662166
2.02,0,2.82611,2.85095,0,1.41421,1.33758,0,0,0.662166
2.03,0,2.84025,2.86436,0,1.41421,1.3442,0,0,0.662166
2.04,0,2.85439,2.87784,0,1.41421,1.35082,0,0,0.662166
2.05,0,2.86854,2.89138,0,1.41421,1.35744,0,0,0.662166
2.06,0,2.88268,2.90498,0,1.41421,1.36406,0,0,0.662166
2.07,0,2.89682,2.91866,0,1.41421,1.37068,0,0,0.662166
2.08,0,2.91096,2.9324,0,1.41421,1.37731,0,0,0.662166
2.09,0,2.9251,2.9462,0,1.41421,1.38393,0,0,0.662166
2.1,0,2.93925,2.96008,0,1.41421,1.39055,0,0,0.662166
2.11,0,2.95339,2.97402,0,1.41421,1.39717,0,0,0.662166
2.12,0,2.96753,2.98802,0,1.41421,1.40379,0,0,0.662166
2.13,0,2.98167,3.00209,0,1.41421,1.41041,0,0,0.662166
2.14,0,2.99582,3.01622,0,1.41421,1.41421,0,0,0
2.15,0,3.00996,3.03036,0,1.41421,1.41421,0,0,0
2.16,0,3.0241,3.04451,0,1.41421,1.41421,0,0,0
2.17,0,3.03824,3.05865,0,1.41421,1.41421,0,0,0
2.18,0,3.05238,3.07279,0,1.41421,1.41421,0,0,0
2.19,0,3.06653,3.08693,0,1.41421,1.41421,0,0,0
2.2,0,3.08067,3.10108,0,1.41421,1.41421,0,0,0
2.21,0,3.09481,3.11522,0,1.41421,1.41421,0,0,0
2.22,0,3.10895,3.12936,0,1.41421,1.41421,0,0,0
2.23,0,3.12309,3.1435,0,1.41421,1.41421,0,0,0
2.24,0,3.13724,3.15764,0,1.41421,1.41421,0,0,0
2.25,0,3.15138,3.17179,0,1.41421,1.41421,0,0,0
2.26,0,3.16552,3.18593,0,1.41421,1.41421,0,0,0
2.27,0,3.17966,3.20007,0,1.41421,1.41421,0,0,0
2.28,0,3.19381,3.21421,0,1.41421,1.41421,0,0,0
2.29,0,3.20795,3.22835,0,1.41421,1.41421,0,0,0
2.3,0,3.22209,3.2425,0,1.41421,1.41421,0,0,0
2.31,0,3.23623,3.25664,0,1.41421,1.41421,0,0,0
2.32,0,3.25037,3.27078,0,1.41421,1.41421,0,0,0
2.33,0,3.26452,3.28492,0,1.41421,1.41421,0,0,0
2.34,0,3.27866,3.29907,0,1.41421,1.41421,0,0,0
2.35,0,3.2928,3.31321,0,1.41421,1.41421,0,0,0
2.36,0,3.30694,3.32735,0,1.41421,1.41421,0,0,0
2.37,0,3.32108,3.34149,0,1.41421,1.41421,0,0,0
2.38,0,3.33523,3.35563,0,1.41421,1.41421,0,0,0
2.39,0,3.34937,3.36978,0,1.41421,1.41421,0,0,0
2.4,0,3.36351,3.38392,0,1.41421,1.41421,0,0,0
2.41,0,3.37765,3.39806,0,1.41421,1.41421,0,0,0
2.42,0,3.3918,3.4122,0,1.41421,1.41421,0,0,0
2.43,0,3.40594,3.42634,0,1.41421,1.41421,0,0,0
2.44,0,3.42008,3.44049,0,1.41421,1.41421,0,0,0
2.45,0,3.43422,3.45463,0,1.41421,1.41421,0,0,0
2.46,0,3.44836,3.46877,0,1.41421,1.41421,0,0,0
2.47,0,3.46251,3.48291,0,1.41421,1.41421,0,0,0
2.48,0,3.47665,3.49706,0,1.41421,1.41421,0,0,0
2.49,0,3.49079,3.5112,0,1.41421,1.41421,0,0,0
2.5,0,3.50493,3.52534,0,1.41421,1.41421,0,0,0
2.51,0,3.51907,3.53948,0,1.41421,1.41421,0,0,0
2.52,0,3.53322,3.55362,0,1.41421,1.41421,0,0,0
2.53,0,3.54736,3.56777,0,1.41421,1.41421,0,0,0
2.54,0,3.5615,3.58191,0,1.41421,1.41421,0,0,0
2.55,0,3.57564,3.59605,0,1.41421,1.41421,0,0,0
2.56,0,3.58978,3.61019,0,1.41421,1.41421,0,0,0
2.57,0,3.60393,3.62433,0,1.41421,1.41421,0,0,0
2.58,0,3.61807,3.63848,0,1.41421,1.41421,0,0,0
2.59,0,3.63221,3.65262,0,1.41421,1.41421,0,0,0
2.6,0,3.64635,3.66676,0,1.41421,1.41421,0,0,0
2.61,0,3.6605,3.6809,0,1.41421,1.41421,0,0,0
2.62,0,3.67464,3.69505,0,1.41421,1.41421,0,0,0
2.63,0,3.68878,3.70919,0,1.41421,1.41421,0,0,0
2.64,0,3.70292,3.72333,0,1.41421,1.41421,0,0,0
2.65,0,3.71706,3.73747,0,1.41421,1.41421,0,0,0
2.66,0,3.73121,3.75161,0,1.41421,1.41421,0,0,0
2.67,0,3.74535,3.76576,0,1.41421,1.41421,0,0,0
2.68,0,3.75949,3.7799,0,1.41421,1.41421,0,0,0
2.69,0,3.77363,3.79404,0,1.41421,1.41421,0,0,0
2.7,0,3.78777,3.80818,0,1.41421,1.41421,0,0,0
2.71,0,3.80192,3.82232,0,1.41421,1.41421,0,0,0
2.72,0,3.81606,3.83647,0,1.41421,1.41421,0,0,0
2.73,0,3.8302,3.85061,0,1.41421,1.41421,0,0,0
2.74,0,3.84434,3.86475,0,1.41421,1.41421,0,0,0
2.75,0,3.85849,3.87889,0,1.41421,1.41421,0,0,0
2.76,0,3.87263,3.89304,0,1.41421,1.41421,0,0,0
2.77,0,3.88677,3.90718,0,1.41421,1.41421,0,0,0
2.78,0,3.90091,3.92132,0,1.41421,1.41421,0,0,0
2.79,0,3.91505,3.93546,0,1.41421,1.41421,0,0,0
2.8,0,3.9292,3.9496,0,1.41421,1.41421,0,0,0
2.81,0,3.94334,3.96375,0,1.41421,1.41421,0,0,0
2.82,0,3.95748,3.97789,0,1.41421,1.41421,0,0,0
2.83,0,3.97162,3.99203,0,1.41421,1.41421,0,0,0
2.84,0,3.98576,4.00617,0,1.41421,1.41421,0,0,0
2.85,0,3.99991,4.02031,0,1.41421,1.41421,0,0,0
2.86,0,4.01405,4.03446,0,1.41421,1.41421,0,0,0
2.87,0,4.02819,4.0486,0,1.41421,1.41421,0,0,0
2.88,0,4.04233,4.06274,0,1.41421,1.41421,0,0,0
2.89,0,4.05648,4.07688,0,1.41421,1.41421,0,0,0
2.9,0,4.07062,4.09102,0,1.41421,1.41421,0,0,0
2.91,0,4.08476,4.10517,0,1.41421,1.41421,0,0,0
2.92,0,4.0989,4.11931,0,1.41421,1.41421,0,0,0
2.93,0,4.11304,4.13345,0,1.41421,1.41421,0,0,0
2.94,0,4.12719,4.14759,0,1.41421,1.41421,0,0,0
2.95,0,4.14133,4.16174,0,1.41421,1.41421,0,0,0
2.96,0,4.15547,4.17588,0,1.41421,1.41421,0,0,0
2.97,0,4.16961,4.19002,0,1.41421,1.41421,0,0,0
2.98,0,4.18375,4.20416,0,1.41421,1.41421,0,0,0
2.99,0,4.1979,4.2183,0,1.41421,1.41421,0,0,0
3,0,4.21204,4.23245,0,1.41421,1.41421,0,0,0
3.01,0,4.22618,4.24659,0,1.41421,1.41421,0,0,0
3.02,0,4.24032,4.26073,0,1.41421,1.41421,0,0,0
3.03,0,4.25447,4.27487,0,1.41421,1.41421,0,0,0
3.04,0,4.26861,4.28901,0,1.41421,1.41421,0,0,0
3.05,0,4.28275,4.30316,0,1.41421,1.41421,0,0,0
3.06,0,4.29689,4.3173,0,1.41421,1.41421,0,0,0
3.07,0,4.31103,4.33144,0,1.41421,1.41421,0,0,0
3.08,0,4.32518,4.34558,0,1.41421,1.41421,0,0,0
3.09,0,4.33932,4.35973,0,1.41421,1.41421,0,0,0
3.1,0,4.35346,4.37387,0,1.41421,1.41421,0,0,0
3.11,0,4.3676,4.38801,0,1.41421,1.41421,0,0,0
3.12,0,4.38174,4.40215,0,1.41421,1.41421,0,0,0
3.13,0,4.39589,4.41629,0,1.41421,1.41421,0,0,0
3.14,0,4.41003,4.43044,0,1.41421,1.41421,0,0,0
3.15,0,4.42417,4.44458,0,1.41421,1.41421,0,0,0
3.16,0,4.43831,4.45872,0,1.41421,1.41421,0,0,0
3.17,0,4.45246,4.47286,0,1.41421,1.41421,0,0,0
3.18,0,4.4666,4.487,0,1.41421,1.41421,0,0,0
3.19,0,4.48074,4.50115,0,1.41421,1.41421,0,0,0
3.2,0,4.49488,4.51529,0,1.41421,1.41421,0,0,0
3.21,0,4.50902,4.52943,0,1.41421,1.41421,0,0,0
3.22,0,4.52317,4.54357,0,1.41421,1.41421,0,0,0
3.23,0,4.53731,4.55772,0,1.41421,1.41421,0,0,0
3.24,0,4.55145,4.57186,0,1.41421,1.41421,0,0,0
3.25,0,4.56559,4.586,0,1.41421,1.41421,0,0,0
3.26,0,4.57973,4.60014,0,1.41421,1.41421,0,0,0
3.27,0,4.59388,4.61428,0,1.41421,1.41421,0,0,0
3.28,0,4.60802,4.62843,0,1.41421,1.41421,0,0,0
3.29,0,4.62216,4.64257,0,1.41421,1.41421,0,0,0
3.3,0,4.6363,4.65671,0,1.41421,1.41421,0,0,0
3.31,0,4.65045,4.67085,0,1.41421,1.41421,0,0,0
3.32,0,4.66459,4.68499,0,1.41421,1.41421,0,0,0
3.33,0,4.67873,4.69914,0,1.41421,1.41421,0,0,0
3.34,0,4.69287,4.71328,0,1.41421,1.41421,0,0,0
3.35,0,4.70701,4.72742,0,1.41421,1.41421,0,0,0
3.36,0,4.72116,4.74156,0,1.41421,1.41421,0,0,0
3.37,0,4.7353,4.75571,0,1.41421,1.41421,0,0,0
3.38,0,4.74944,4.76985,0,1.41421,1.41421,0,0,0
3.39,0,4.76358,4.78399,0,1.41421,1.41421,0,0,0
3.4,0,4.77772,4.79813,0,1.41421,1.41421,0,0,0
3.41,0,4.79187,4.81227,0,1.41421,1.41421,0,0,0
3.42,0,4.80601,4.82642,0,1.41421,1.41421,0,0,0
3.43,0,4.82015,4.84056,0,1.41421,1.41421,0,0,0
3.44,0,4.83429,4.8547,0,1.41421,1.41421,0,0,0
3.45,0,4.84844,4.86884,0,1.41421,1.41421,0,0,0
3.46,0,4.86258,4.88298,0,1.41421,1.41421,0,0,0
3.47,0,4.87672,4.89713,0,1.41421,1.41421,0,0,0
3.48,0,4.89086,4.91127,0,1.41421,1.41421,0,0,0
3.49,0,4.905,4.92541,0,1.41421,1.41421,0,0,0
3.5,0,4.91915,4.93955,0,1.41421,1.41421,0,0,0
3.51,0,4.93329,4.9536,0,1.41421,1.35193,0,0,-19.6937
3.52,0,4.94743,4.96613,0,1.41421,1.15499,0,0,-19.6937
3.53,0,4.96157,4.9767,0,1.41421,0.958053,0,0,-19.6937
3.54,0,4.97539,4.98529,0,1.26828,0.761116,0,-32.6779,-19.6937
3.55,0,4.98644,4.99192,0,0.941503,0.564179,0,-32.6779,-19.6937
3.56,0,4.99422,4.99658,0,0.614724,0.367242,0,-32.6779,-19.6937
3.57,0,4.99873,4.99926,0,0.287945,0.170305,0,-32.6779,-19.6937
3.57865,0,5,5,0,0.00535694,0,0,-32.8422,-17.2861
3.58865,0,4.99841,4.99914,0,-0.323065,-0.172861,0,-32.8422,-17.2861
3.59865,0,4.99354,4.99654,0,-0.651486,-0.345723,0,-32.8422,-17.2861
3.60865,0,4.98538,4.99222,0,-0.979908,-0.518584,0,-32.8422,-17.2861
3.61865,0,4.97394,4.98617,0,-1.30833,-0.691446,0,-32.8422,-17.2861
3.62865,0,4.95922,4.97887,0,-1.63675,-0.73485,0,-32.8422,0.136442
3.63865,0,4.94138,4.97153,0,-1.85907,-0.733485,0,0,0.136442
3.64865,0,4.92279,4.9642,0,-1.85907,-0.732121,0,0,0.136442
3.65865,0,4.9042,4.95689,0,-1.85907,-0.730757,0,0,0.136442
3.66865,0,4.8856,4.94959,0,-1.85907,-0.729392,0,0,0.136442
3.67865,0,4.86701,4.9423,0,-1.85907,-0.728028,0,0,0.136442
3.68865,0,4.84842,4.93503,0,-1.85907,-0.726663,0,0,0.136442
3.69865,0,4.82983,4.92777,0,-1.85907,-0.725299,0,0,0.136442
3.70865,0,4.81124,4.92052,0,-1.85907,-0.723934,0,0,0.136442
3.71865,0,4.79265,4.91329,0,-1.85907,-0.72257,0,0,0.136442
3.72865,0,4.77406,4.90607,0,-1.85907,-0.721206,0,0,0.136442
3.73865,0,4.75547,4.89887,0,-1.85907,-0.719841,0,0,0.136442
3.74865,0,4.73688,4.89167,0,-1.85907,-0.718477,0,0,0.136442
3.75865,0,4.71829,4.8845,0,-1.85907,-0.717112,0,0,0.136442
3.76865,0,4.6997,4.87733,0,-1.85907,-0.715748,0,0,0.136442
3.77865,0,4.68111,4.87018,0,-1.85907,-0.714384,0,0,0.136442
3.78865,0,4.66252,4.86304,0,-1.85907,-0.713019,0,0,0.136442
3.79865,0,4.64392,4.85592,0,-1.85907,-0.711655,0,0,0.136442
3.80865,0,4.62533,4.84881,0,-1.85907,-0.71029,0,0,0.136442
3.81865,0,4.60674,4.84171,0,-1.85907,-0.708926,0,0,0.136442
3.82865,0,4.58815,4.83463,0,-1.85907,-0.707561,0,0,0.136442
3.83865,0,4.56956,4.82756,0,-1.85907,-0.706197,0,0,0.136442
3.84865,0,4.55097,4.82051,0,-1.85907,-0.704833,0,0,0.136442
3.85865,0,4.53238,4.81347,0,-1.85907,-0.703468,0,0,0.136442
3.86865,0,4.51379,4.80644,0,-1.85907,-0.702104,0,0,0.136442
3.87865,0,4.4952,4.79942,0,-1.85907,-0.700739,0,0,0.136442
3.88865,0,4.47661,4.79242,0,-1.85907,-0.699375,0,0,0.136442
3.89865,0,4.45802,4.78544,0,-1.85907,-0.69801,0,0,0.136442
3.90865,0,4.43943,4.77846,0,-1.85907,-0.696646,0,0,0.136442
3.91865,0,4.42084,4.7715,0,-1.85907,-0.695282,0,0,0.136442
3.92865,0,4.40225,4.76456,0,-1.85907,-0.693917,0,0,0.136442
3.93865,0,4.38365,4.75763,0,-1.85907,-0.692553,0,0,0.136442
3.94865,0,4.36506,4.75071,0,-1.85907,-0.691188,0,0,0.136442
3.95865,0,4.34647,4.7438,0,-1.85907,-0.689824,0,0,0.136442
3.96865,0,4.32788,4.73691,0,-1.85907,-0.688459,0,0,0.136442
3.97865,0,4.30929,4.73003,0,-1.85907,-0.687095,0,0,0.136442
3.98865,0,4.2907,4.72317,0,-1.85907,-0.685731,0,0,0.136442
3.99865,0,4.27211,4.71632,0,-1.85907,-0.684366,0,0,0.136442
4.00865,0,4.25352,4.70948,0,-1.85907,-0.683002,0,0,0.136442
4.01865,0,4.23493,4.70266,0,-1.85907,-0.681637,0,0,0.136442
4.02865,0,4.21634,4.69585,0,-1.85907,-0.680273,0,0,0.136442
4.03865,0,4.19775,4.68905,0,-1.85907,-0.678909,0,0,0.136442
4.04865,0,4.17916,4.68227,0,-1.85907,-0.677544,0,0,0.136442
4.05865,0,4.16057,4.6755,0,-1.85907,-0.67618,0,0,0.136442
4.06865,0,4.14197,4.66875,0,-1.85907,-0.674815,0,0,0.136442
4.07865,0,4.12338,4.66201,0,-1.85907,-0.673451,0,0,0.136442
4.08865,0,4.10479,4.65528,0,-1.85907,-0.672086,0,0,0.136442
4.09865,0,4.0862,4.64856,0,-1.85907,-0.670722,0,0,0.136442
4.10865,0,4.06761,4.64186,0,-1.85907,-0.669358,0,0,0.136442
4.11865,0,4.04902,4.63518,0,-1.85907,-0.667993,0,0,0.136442
4.12865,0,4.03043,4.6285,0,-1.85907,-0.666629,0,0,0.136442
4.13865,0,4.01184,4.62184,0,-1.85907,-0.665264,0,0,0.136442
4.14865,0,3.99325,4.6152,0,-1.85907,-0.6639,0,0,0.136442
4.15865,0,3.97466,4.60857,0,-1.85907,-0.662535,0,0,0.136442
4.16865,0,3.95607,4.60195,0,-1.85907,-0.661171,0,0,0.136442
4.17865,0,3.93748,4.59534,0,-1.85907,-0.659807,0,0,0.136442
4.18865,0,3.91889,4.58875,0,-1.85907,-0.658442,0,0,0.136442
4.19865,0,3.90029,4.58217,0,-1.85907,-0.657078,0,0,0.136442
4.20865,0,3.8817,4.57561,0,-1.85907,-0.655713,0,0,0.136442
4.21865,0,3.86311,4.56906,0,-1.85907,-0.654349,0,0,0.136442
4.22865,0,3.84452,4.56252,0,-1.85907,-0.652984,0,0,0.136442
4.23865,0,3.82593,4.556,0,-1.85907,-0.65162,0,0,0.136442
4.24865,0,3.80734,4.54949,0,-1.85907,-0.650256,0,0,0.136442
4.25865,0,3.78875,4.54299,0,-1.85907,-0.648891,0,0,0.136442
4.26865,0,3.77016,4.53651,0,-1.85907,-0.647527,0,0,0.136442
4.27865,0,3.75157,4.53004,0,-1.85907,-0.646162,0,0,0.136442
4.28865,0,3.73298,4.52359,0,-1.85907,-0.644798,0,0,0.136442
4.29865,0,3.71439,4.51715,0,-1.85907,-0.643433,0,0,0.136442
4.30865,0,3.6958,4.51072,0,-1.85907,-0.642069,0,0,0.136442
4.31865,0,3.67721,4.50431,0,-1.85907,-0.640705,0,0,0.136442
4.32865,0,3.65862,4.49791,0,-1.85907,-0.63934,0,0,0.136442
4.33865,0,3.64002,4.49152,0,-1.85907,-0.637976,0,0,0.136442
4.34865,0,3.62143,4.48515,0,-1.85907,-0.636611,0,0,0.136442
4.35865,0,3.60284,4.47879,0,-1.85907,-0.635247,0,0,0.136442
4.36865,0,3.58425,4.47244,0,-1.85907,-0.633883,0,0,0.136442
4.37865,0,3.56566,4.46611,0,-1.85907,-0.632518,0,0,0.136442
4.38865,0,3.54707,4.45979,0,-1.85907,-0.631154,0,0,0.136442
4.39865,0,3.52848,4.45349,0,-1.85907,-0.629789,0,0,0.136442
4.40865,0,3.50989,4.4472,0,-1.85907,-0.628425,0,0,0.136442
4.41865,0,3.4913,4.44092,0,-1.85907,-0.62706,0,0,0.136442
4.42865,0,3.47271,4.43465,0,-1.85907,-0.625696,0,0,0.136442
4.43865,0,3.45412,4.4284,0,-1.85907,-0.624332,0,0,0.136442
4.44865,0,3.43553,4.42217,0,-1.85907,-0.622967,0,0,0.136442
4.45865,0,3.41694,4.41595,0,-1.85907,-0.621603,0,0,0.136442
4.46865,0,3.39834,4.40974,0,-1.85907,-0.620238,0,0,0.136442
4.47865,0,3.37975,4.40354,0,-1.85907,-0.618874,0,0,0.136442
4.48865,0,3.36116,4.39736,0,-1.85907,-0.617509,0,0,0.136442
4.49865,0,3.34257,4.39119,0,-1.85907,-0.616145,0,0,0.136442
4.50865,0,3.32398,4.38504,0,-1.85907,-0.614781,0,0,0.136442
4.51865,0,3.30539,4.37889,0,-1.85907,-0.613416,0,0,0.136442
4.52865,0,3.2868,4.37277,0,-1.85907,-0.612052,0,0,0.136442
4.53865,0,3.26821,4.36665,0,-1.85907,-0.610687,0,0,0.136442
4.54865,0,3.24962,4.36055,0,-1.85907,-0.609323,0,0,0.136442
4.55865,0,3.23103,4.35447,0,-1.85907,-0.607958,0,0,0.136442
4.56865,0,3.21244,4.34839,0,-1.85907,-0.606594,0,0,0.136442
4.57865,0,3.19385,4.34234,0,-1.85907,-0.60523,0,0,0.136442
4.58865,0,3.17526,4.33629,0,-1.85907,-0.603865,0,0,0.136442
4.59865,0,3.15667,4.33026,0,-1.85907,-0.602501,0,0,0.136442
4.60865,0,3.13807,4.32424,0,-1.85907,-0.601136,0,0,0.136442
4.61865,0,3.11948,4.31824,0,-1.85907,-0.599772,0,0,0.136442
4.62865,0,3.10089,4.31224,0,-1.85907,-0.598408,0,0,0.136442
4.63865,0,3.0823,4.30627,0,-1.85907,-0.597043,0,0,0.136442
4.64865,0,3.06371,4.3003,0,-1.85907,-0.595679,0,0,0.136442
4.65865,0,3.04512,4.29435,0,-1.85907,-0.594314,0,0,0.136442
4.66865,0,3.02653,4.28842,0,-1.85907,-0.59295,0,0,0.136442
4.67865,0,3.00794,4.28249,0,-1.85907,-0.591585,0,0,0.136442
4.68865,0,2.98935,4.27659,0,-1.85907,-0.590221,0,0,0.136442
4.69865,0,2.97076,4.27069,0,-1.85907,-0.588857,0,0,0.136442
4.70865,0,2.95217,4.26481,0,-1.85907,-0.587492,0,0,0.136442
4.71865,0,2.93358,4.25894,0,-1.85907,-0.586128,0,0,0.136442
4.72865,0,2.91499,4.25309,0,-1.85907,-0.584763,0,0,0.136442
4.73865,0,2.89639,4.24725,0,-1.85907,-0.583399,0,0,0.136442
4.74865,0,2.8778,4.24142,0,-1.85907,-0.582034,0,0,0.136442
4.75865,0,2.85921,4.2356,0,-1.85907,-0.58067,0,0,0.136442
4.76865,0,2.84062,4.2298,0,-1.85907,-0.579306,0,0,0.136442
4.77865,0,2.82203,4.22402,0,-1.85907,-0.577941,0,0,0.136442
4.78865,0,2.80344,4.21825,0,-1.85907,-0.576577,0,0,0.136442
4.79865,0,2.78485,4.21249,0,-1.85907,-0.575212,0,0,0.136442
4.80865,0,2.76626,4.20674,0,-1.85907,-0.573848,0,0,0.136442
4.81865,0,2.74767,4.20101,0,-1.85907,-0.572483,0,0,0.136442
4.82865,0,2.72908,4.19529,0,-1.85907,-0.571119,0,0,0.136442
4.83865,0,2.71049,4.18959,0,-1.85907,-0.569755,0,0,0.136442
4.84865,0,2.6919,4.1839,0,-1.85907,-0.56839,0,0,0.136442
4.85865,0,2.67331,4.17822,0,-1.85907,-0.567026,0,0,0.136442
4.86865,0,2.65471,4.17256,0,-1.85907,-0.565661,0,0,0.136442
4.87865,0,2.63612,4.16691,0,-1.85907,-0.564297,0,0,0.136442
4.88865,0,2.61753,4.16127,0,-1.85907,-0.562932,0,0,0.136442
4.89865,0,2.59894,4.15565,0,-1.85907,-0.561568,0,0,0.136442
4.90865,0,2.58035,4.15004,0,-1.85907,-0.560204,0,0,0.136442
4.91865,0,2.56176,4.14444,0,-1.85907,-0.558839,0,0,0.136442
4.92865,0,2.54317,4.13886,0,-1.85907,-0.557475,0,0,0.136442
4.93865,0,2.52458,4.13329,0,-1.85907,-0.55611,0,0,0.136442
4.94865,0,2.50599,4.12774,0,-1.85907,-0.554746,0,0,0.136442
4.95865,0,2.4874,4.1222,0,-1.85907,-0.553382,0,0,0.136442
4.96865,0,2.46881,4.11667,0,-1.85907,-0.552017,0,0,0.136442
4.97865,0,2.45022,4.11116,0,-1.85907,-0.550653,0,0,0.136442
4.98865,0,2.43163,4.10566,0,-1.85907,-0.549288,0,0,0.136442
4.99865,0,2.41304,4.10017,0,-1.85907,-0.547924,0,0,0.136442
5.00865,0,2.39444,4.0947,0,-1.85907,-0.546559,0,0,0.136442
5.01865,0,2.37585,4.08924,0,-1.85907,-0.545195,0,0,0.136442
5.02865,0,2.35726,4.0838,0,-1.85907,-0.543831,0,0,0.136442
5.03865,0,2.33867,4.07837,0,-1.85907,-0.542466,0,0,0.136442
5.04865,0,2.32008,4.07295,0,-1.85907,-0.541102,0,0,0.136442
5.05865,0,2.30149,4.06754,0,-1.85907,-0.539737,0,0,0.136442
5.06865,0,2.2829,4.06215,0,-1.85907,-0.538373,0,0,0.136442
5.07865,0,2.26431,4.05678,0,-1.85907,-0.537008,0,0,0.136442
5.08865,0,2.24572,4.05141,0,-1.85907,-0.535644,0,0,0.136442
5.09865,0,2.22713,4.04606,0,-1.85907,-0.53428,0,0,0.136442
5.10865,0,2.20854,4.04073,0,-1.85907,-0.532915,0,0,0.136442
5.11865,0,2.18995,4.0354,0,-1.85907,-0.531551,0,0,0.136442
5.12865,0,2.17136,4.0301,0,-1.85907,-0.530186,0,0,0.136442
5.13865,0,2.15276,4.0248,0,-1.85907,-0.528822,0,0,0.136442
5.14865,0,2.13417,4.01952,0,-1.85907,-0.527457,0,0,0.136442
5.15865,0,2.11558,4.01425,0,-1.85907,-0.526093,0,0,0.136442
5.16865,0,2.09699,4.009,0,-1.85907,-0.524729,0,0,0.136442
5.17865,0,2.0784,4.00376,0,-1.85907,-0.523364,0,0,0.136442
5.18865,0,2.05981,3.99853,0,-1.85907,-0.522,0,0,0.136442
5.19865,0,2.04122,3.99332,0,-1.85907,-0.520635,0,0,0.136442
5.20865,0,2.02263,3.98812,0,-1.85907,-0.519271,0,0,0.136442
5.21865,0,2.00404,3.98293,0,-1.85907,-0.517907,0,0,0.136442
5.22865,0,1.98545,3.97776,0,-1.85907,-0.516542,0,0,0.136442
5.23865,0,1.96686,3.9726,0,-1.85907,-0.515178,0,0,0.136442
5.24865,0,1.94827,3.96746,0,-1.85907,-0.513813,0,0,0.136442
5.25865,0,1.92968,3.96232,0,-1.85907,-0.512449,0,0,0.136442
5.26865,0,1.91108,3.95721,0,-1.85907,-0.511084,0,0,0.136442
5.27865,0,1.89249,3.9521,0,-1.85907,-0.50972,0,0,0.136442
5.28865,0,1.8739,3.94701,0,-1.85907,-0.508356,0,0,0.136442
5.29865,0,1.85531,3.94194,0,-1.85907,-0.506991,0,0,0.136442
5.30865,0,1.83672,3.93687,0,-1.85907,-0.505627,0,0,0.136442
5.31865,0,1.81813,3.93182,0,-1.85907,-0.504262,0,0,0.136442
5.32865,0,1.79954,3.92679,0,-1.85907,-0.502898,0,0,0.136442
5.33865,0,1.78095,3.92177,0,-1.85907,-0.501533,0,0,0.136442
5.34865,0,1.76236,3.91676,0,-1.85907,-0.500169,0,0,0.136442
5.35865,0,1.74377,3.91176,0,-1.85907,-0.498805,0,0,0.136442
5.36865,0,1.72518,3.90678,0,-1.85907,-0.49744,0,0,0.136442
5.37865,0,1.70659,3.90181,0,-1.85907,-0.496076,0,0,0.136442
5.38865,0,1.688,3.89686,0,-1.85907,-0.494711,0,0,0.136442
5.39865,0,1.66941,3.89192,0,-1.85907,-0.493347,0,0,0.136442
5.40865,0,1.65081,3.88699,0,-1.85907,-0.491982,0,0,0.136442
5.41865,0,1.63222,3.88208,0,-1.85907,-0.490618,0,0,0.136442
5.42865,0,1.61363,3.87718,0,-1.85907,-0.489254,0,0,0.136442
5.43865,0,1.59504,3.87229,0,-1.85907,-0.487889,0,0,0.136442
5.44865,0,1.57645,3.86742,0,-1.85907,-0.486525,0,0,0.136442
5.45865,0,1.55786,3.86256,0,-1.85907,-0.48516,0,0,0.136442
5.46865,0,1.53927,3.85772,0,-1.85907,-0.483796,0,0,0.136442
5.47865,0,1.52068,3.85289,0,-1.85907,-0.482431,0,0,0.136442
5.48865,0,1.50209,3.84807,0,-1.85907,-0.481067,0,0,0.136442
5.49865,0,1.4835,3.84327,0,-1.85907,-0.479703,0,0,0.136442
5.50865,0,1.46491,3.83848,0,-1.85907,-0.478338,0,0,0.136442
5.51865,0,1.44632,3.8337,0,-1.85907,-0.476974,0,0,0.136442
5.52865,0,1.42773,3.82894,0,-1.85907,-0.475609,0,0,0.136442
5.53865,0,1.40913,3.82419,0,-1.85907,-0.474245,0,0,0.136442
5.54865,0,1.39054,3.81945,0,-1.85907,-0.472881,0,0,0.136442
5.55865,0,1.37195,3.81473,0,-1.85907,-0.471516,0,0,0.136442
5.56865,0,1.35336,3.81002,0,-1.85907,-0.470152,0,0,0.136442
5.57865,0,1.33477,3.80533,0,-1.85907,-0.468787,0,0,0.136442
5.58865,0,1.31618,3.80065,0,-1.85907,-0.467423,0,0,0.136442
5.59865,0,1.29759,3.79598,0,-1.85907,-0.466058,0,0,0.136442
5.60865,0,1.279,3.79132,0,-1.85907,-0.464694,0,0,0.136442
5.61865,0,1.26041,3.78668,0,-1.85907,-0.46333,0,0,0.136442
5.62865,0,1.24182,3.78206,0,-1.85907,-0.461965,0,0,0.136442
5.63865,0,1.22323,3.77745,0,-1.85907,-0.460601,0,0,0.136442
5.64865,0,1.20464,3.77285,0,-1.85907,-0.459236,0,0,0.136442
5.65865,0,1.18605,3.76826,0,-1.85907,-0.457872,0,0,0.136442
5.66865,0,1.16745,3.76369,0,-1.85907,-0.456507,0,0,0.136442
5.67865,0,1.14886,3.75913,0,-1.85907,-0.455143,0,0,0.136442
5.68865,0,1.13027,3.75459,0,-1.85907,-0.453779,0,0,0.136442
5.69865,0,1.11168,3.75006,0,-1.85907,-0.452414,0,0,0.136442
5.70865,0,1.09309,3.74554,0,-1.85907,-0.45105,0,0,0.136442
5.71865,0,1.0745,3.74103,0,-1.85907,-0.449685,0,0,0.136442
5.72865,0,1.05591,3.73654,0,-1.85907,-0.448321,0,0,0.136442
5.73865,0,1.03732,3.73207,0,-1.85907,-0.446956,0,0,0.136442
5.74865,0,1.01873,3.7276,0,-1.85907,-0.445592,0,0,0.136442
5.75865,0,1.00014,3.72316,0,-1.85907,-0.444228,0,0,0.136442
5.76865,0,0.981547,3.71872,0,-1.85907,-0.442863,0,0,0.136442
5.77865,0,0.962957,3.7143,0,-1.85907,-0.441499,0,0,0.136442
5.78865,0,0.944366,3.70989,0,-1.85907,-0.440134,0,0,0.136442
5.79865,0,0.925775,3.7055,0,-1.85907,-0.43877,0,0,0.136442
5.80865,0,0.907184,3.70111,0,-1.85907,-0.437406,0,0,0.136442
5.81865,0,0.888594,3.69675,0,-1.85907,-0.436041,0,0,0.136442
5.82865,0,0.870003,3.69239,0,-1.85907,-0.434677,0,0,0.136442
5.83865,0,0.851412,3.68805,0,-1.85907,-0.433312,0,0,0.136442
5.84865,0,0.832821,3.68373,0,-1.85907,-0.431948,0,0,0.136442
5.85865,0,0.814231,3.67942,0,-1.85907,-0.430583,0,0,0.136442
5.86865,0,0.79564,3.67512,0,-1.85907,-0.429219,0,0,0.136442
5.87865,0,0.777049,3.67083,0,-1.85907,-0.427855,0,0,0.136442
5.88865,0,0.758458,3.66656,0,-1.85907,-0.42649,0,0,0.136442
5.89865,0,0.739868,3.6623,0,-1.85907,-0.425126,0,0,0.136442
5.90865,0,0.721277,3.65806,0,-1.85907,-0.423761,0,0,0.136442
5.91865,0,0.702686,3.65383,0,-1.85907,-0.422397,0,0,0.136442
5.92865,0,0.684095,3.64961,0,-1.85907,-0.421032,0,0,0.136442
5.93865,0,0.665505,3.64541,0,-1.85907,-0.419668,0,0,0.136442
5.94865,0,0.646914,3.64122,0,-1.85907,-0.418304,0,0,0.136442
5.95865,0,0.628323,3.63704,0,-1.85907,-0.416939,0,0,0.136442
5.96865,0,0.609732,3.63288,0,-1.85907,-0.415575,0,0,0.136442
5.97865,0,0.591142,3.62873,0,-1.85907,-0.41421,0,0,0.136442
5.98865,0,0.572551,3.62459,0,-1.85907,-0.412846,0,0,0.136442
5.99865,0,0.55396,3.62047,0,-1.85907,-0.411481,0,0,0.136442
6.00865,0,0.535369,3.61636,0,-1.85907,-0.410117,0,0,0.136442
6.01865,0,0.516779,3.61227,0,-1.85907,-0.408753,0,0,0.136442
6.02865,0,0.498188,3.60819,0,-1.85907,-0.407388,0,0,0.136442
6.03865,0,0.479597,3.60412,0,-1.85907,-0.406024,0,0,0.136442
6.04865,0,0.461006,3.60007,0,-1.85907,-0.404659,0,0,0.136442
6.05865,0,0.442416,3.59603,0,-1.85907,-0.403295,0,0,0.136442
6.06865,0,0.423825,3.592,0,-1.85907,-0.40193,0,0,0.136442
6.07865,0,0.405234,3.58799,0,-1.85907,-0.400566,0,0,0.136442
6.08865,0,0.386643,3.58399,0,-1.85907,-0.399202,0,0,0.136442
6.09865,0,0.368053,3.58,0,-1.85907,-0.397837,0,0,0.136442
6.10865,0,0.349462,3.57603,0,-1.85907,-0.396473,0,0,0.136442
6.11865,0,0.330871,3.57208,0,-1.85907,-0.395108,0,0,0.136442
6.12865,0,0.31228,3.56813,0,-1.85907,-0.393744,0,0,0.136442
6.13865,0,0.29369,3.5642,0,-1.85907,-0.39238,0,0,0.136442
6.14865,0,0.275099,3.56028,0,-1.85907,-0.391015,0,0,0.136442
6.15865,0,0.256508,3.55638,0,-1.85907,-0.389651,0,0,0.136442
6.16865,0,0.237917,3.55249,0,-1.85907,-0.388286,0,0,0.136442
6.17865,0,0.219327,3.54861,0,-1.85907,-0.386922,0,0,0.136442
6.18865,0,0.200736,3.54475,0,-1.85907,-0.385557,0,0,0.136442
6.19865,0,0.182145,3.5409,0,-1.85907,-0.384193,0,0,0.136442
6.20865,0,0.163554,3.53707,0,-1.85907,-0.382829,0,0,0.136442
6.21865,0,0.144964,3.53325,0,-1.85907,-0.381464,0,0,0.136442
6.22865,0,0.126373,3.52944,0,-1.85907,-0.3801,0,0,0.136442
6.23865,0,0.107782,3.52564,0,-1.85907,-0.378735,0,0,0.136442
6.24865,0,0.0891915,3.52186,0,-1.85907,-0.377371,0,0,0.136442
6.25865,0,0.0706007,3.5181,0,-1.85907,-0.376006,0,0,0.136442
6.26865,0,0.05201,3.51434,0,-1.85907,-0.374642,0,0,0.136442
6.27865,0,0.0334192,3.5106,0,-1.85907,-0.373278,0,0,0.136442
6.28865,0,0.0148285,3.50688,0,-1.85907,-0.371913,0,0,0.136442
6.29865,0,-0.00376227,3.50317,0,-1.85907,-0.370549,0,0,0.136442
6.30865,0,-0.022353,3.49947,0,-1.85907,-0.369184,0,0,0.136442
6.31865,0,-0.0409438,3.49578,0,-1.85907,-0.36782,0,0,0.136442
6.32865,0,-0.0595345,3.49211,0,-1.85907,-0.366455,0,0,0.136442
6.33865,0,-0.0781253,3.48845,0,-1.85907,-0.365091,0,0,0.136442
6.34865,0,-0.096716,3.48481,0,-1.85907,-0.363727,0,0,0.136442
6.35865,0,-0.115307,3.48118,0,-1.85907,-0.362362,0,0,0.136442
6.36865,0,-0.133898,3.47756,0,-1.85907,-0.360998,0,0,0.136442
6.37865,0,-0.152488,3.47396,0,-1.85907,-0.359633,0,0,0.136442
6.38865,0,-0.171079,3.47037,0,-1.85907,-0.358269,0,0,0.136442
6.39865,0,-0.18967,3.46679,0,-1.85907,-0.356904,0,0,0.136442
6.40865,0,-0.208261,3.46323,0,-1.85907,-0.35554,0,0,0.136442
6.41865,0,-0.226851,3.45968,0,-1.85907,-0.354176,0,0,0.136442
6.42865,0,-0.245442,3.45615,0,-1.85907,-0.352811,0,0,0.136442
6.43865,0,-0.264033,3.45263,0,-1.85907,-0.351447,0,0,0.136442
6.44865,0,-0.282624,3.44912,0,-1.85907,-0.350082,0,0,0.136442
6.45865,0,-0.301214,3.44562,0,-1.85907,-0.348718,0,0,0.136442
6.46865,0,-0.319805,3.44214,0,-1.85907,-0.347354,0,0,0.136442
6.47865,0,-0.338396,3.43868,0,-1.85907,-0.345989,0,0,0.136442
6.48865,0,-0.356986,3.43522,0,-1.85907,-0.344625,0,0,0.136442
6.49865,0,-0.375577,3.43179,0,-1.85907,-0.34326,0,0,0.136442
6.50865,0,-0.394168,3.42836,0,-1.85907,-0.341896,0,0,0.136442
6.51865,0,-0.412759,3.42495,0,-1.85907,-0.340531,0,0,0.136442
6.52865,0,-0.431349,3.42155,0,-1.85907,-0.339167,0,0,0.136442
6.53865,0,-0.44994,3.41816,0,-1.85907,-0.337803,0,0,0.136442
6.54865,0,-0.468531,3.41479,0,-1.85907,-0.336438,0,0,0.136442
6.55865,0,-0.487122,3.41144,0,-1.85907,-0.335074,0,0,0.136442
6.56865,0,-0.505712,3.40809,0,-1.85907,-0.333709,0,0,0.136442
6.57865,0,-0.524303,3.40476,0,-1.85907,-0.332345,0,0,0.136442
6.58865,0,-0.542894,3.40144,0,-1.85907,-0.33098,0,0,0.136442
6.59865,0,-0.561485,3.39814,0,-1.85907,-0.329616,0,0,0.136442
6.60865,0,-0.580075,3.39485,0,-1.85907,-0.328252,0,0,0.136442
6.61865,0,-0.598666,3.39158,0,-1.85907,-0.326887,0,0,0.136442
6.62865,0,-0.617257,3.38831,0,-1.85907,-0.325523,0,0,0.136442
6.63865,0,-0.635848,3.38507,0,-1.85907,-0.324158,0,0,0.136442
6.64865,0,-0.654438,3.38183,0,-1.85907,-0.322794,0,0,0.136442
6.65865,0,-0.673029,3.37861,0,-1.85907,-0.321429,0,0,0.136442
6.66865,0,-0.69162,3.3754,0,-1.85907,-0.320065,0,0,0.136442
6.67865,0,-0.710211,3.37221,0,-1.85907,-0.318701,0,0,0.136442
6.68865,0,-0.728801,3.36903,0,-1.85907,-0.317336,0,0,0.136442
6.69865,0,-0.747392,3.36586,0,-1.85907,-0.315972,0,0,0.136442
6.70865,0,-0.765983,3.36271,0,-1.85907,-0.314607,0,0,0.136442
6.71865,0,-0.784574,3.35957,0,-1.85907,-0.313243,0,0,0.136442
6.72865,0,-0.803164,3.35644,0,-1.85907,-0.311879,0,0,0.136442
6.73865,0,-0.821755,3.35333,0,-1.85907,-0.310514,0,0,0.136442
6.74865,0,-0.840346,3.35023,0,-1.85907,-0.30915,0,0,0.136442
6.75865,0,-0.858937,3.34715,0,-1.85907,-0.307785,0,0,0.136442
6.76865,0,-0.877527,3.34408,0,-1.85907,-0.306421,0,0,0.136442
6.77865,0,-0.896118,3.34102,0,-1.85907,-0.305056,0,0,0.136442
6.78865,0,-0.914709,3.33798,0,-1.85907,-0.303692,0,0,0.136442
6.79865,0,-0.9333,3.33495,0,-1.85907,-0.302328,0,0,0.136442
6.80865,0,-0.95189,3.33193,0,-1.85907,-0.300963,0,0,0.136442
6.81865,0,-0.970481,3.32893,0,-1.85907,-0.299599,0,0,0.136442
6.82865,0,-0.989072,3.32594,0,-1.85907,-0.298234,0,0,0.136442
6.83865,0,-1.00766,3.32296,0,-1.85907,-0.29687,0,0,0.136442
6.84865,0,-1.02625,3.32,0,-1.85907,-0.295505,0,0,0.136442
6.85865,0,-1.04484,3.31705,0,-1.85907,-0.294141,0,0,0.136442
6.86865,0,-1.06343,3.31412,0,-1.85907,-0.292777,0,0,0.136442
6.87865,0,-1.08203,3.3112,0,-1.85907,-0.291412,0,0,0.136442
6.88865,0,-1.10062,3.30829,0,-1.85907,-0.290048,0,0,0.136442
6.89865,0,-1.11921,3.3054,0,-1.85907,-0.288683,0,0,0.136442
6.90865,0,-1.1378,3.30252,0,-1.85907,-0.287319,0,0,0.136442
6.91865,0,-1.15639,3.29965,0,-1.85907,-0.285954,0,0,0.136442
6.92865,0,-1.17498,3.2968,0,-1.85907,-0.28459,0,0,0.136442
6.93865,0,-1.19357,3.29396,0,-1.85907,-0.283226,0,0,0.136442
6.94865,0,-1.21216,3.29113,0,-1.85907,-0.281861,0,0,0.136442
6.95865,0,-1.23075,3.28832,0,-1.85907,-0.280497,0,0,0.136442
6.96865,0,-1.24934,3.28552,0,-1.85907,-0.279132,0,0,0.136442
6.97865,0,-1.26793,3.28274,0,-1.85907,-0.277768,0,0,0.136442
6.98865,0,-1.28652,3.27997,0,-1.85907,-0.276403,0,0,0.136442
6.99865,0,-1.30511,3.27721,0,-1.85907,-0.275039,0,0,0.136442
7.00865,0,-1.32371,3.27447,0,-1.85907,-0.273675,0,0,0.136442
7.01865,0,-1.3423,3.27174,0,-1.85907,-0.27231,0,0,0.136442
7.02865,0,-1.36089,3.26902,0,-1.85907,-0.270946,0,0,0.136442
7.03865,0,-1.37948,3.26632,0,-1.85907,-0.269581,0,0,0.136442
7.04865,0,-1.39807,3.26363,0,-1.85907,-0.268217,0,0,0.136442
7.05865,0,-1.41666,3.26095,0,-1.85907,-0.266853,0,0,0.136442
7.06865,0,-1.43525,3.25829,0,-1.85907,-0.265488,0,0,0.136442
7.07865,0,-1.45384,3.25564,0,-1.85907,-0.264124,0,0,0.136442
7.08865,0,-1.47243,3.25301,0,-1.85907,-0.262759,0,0,0.136442
7.09865,0,-1.49102,3.25039,0,-1.85907,-0.261395,0,0,0.136442
7.10865,0,-1.50961,3.24778,0,-1.85907,-0.26003,0,0,0.136442
7.11865,0,-1.5282,3.24519,0,-1.85907,-0.258666,0,0,0.136442
7.12865,0,-1.54679,3.24261,0,-1.85907,-0.257302,0,0,0.136442
7.13865,0,-1.56539,3.24004,0,-1.85907,-0.255937,0,0,0.136442
7.14865,0,-1.58398,3.23749,0,-1.85907,-0.254573,0,0,0.136442
7.15865,0,-1.60257,3.23495,0,-1.85907,-0.253208,0,0,0.136442
7.16865,0,-1.62116,3.23243,0,-1.85907,-0.251844,0,0,0.136442
7.17865,0,-1.63975,3.22991,0,-1.85907,-0.250479,0,0,0.136442
7.18865,0,-1.65834,3.22742,0,-1.85907,-0.249115,0,0,0.136442
7.19865,0,-1.67693,3.22493,0,-1.85907,-0.247751,0,0,0.136442
7.20865,0,-1.69552,3.22246,0,-1.85907,-0.246386,0,0,0.136442
7.21865,0,-1.71411,3.22,0,-1.85907,-0.245022,0,0,0.136442
7.22865,0,-1.7327,3.21756,0,-1.85907,-0.243657,0,0,0.136442
7.23865,0,-1.75129,3.21513,0,-1.85907,-0.242293,0,0,0.136442
7.24865,0,-1.76988,3.21271,0,-1.85907,-0.240928,0,0,0.136442
7.25865,0,-1.78847,3.21031,0,-1.85907,-0.239564,0,0,0.136442
7.26865,0,-1.80706,3.20792,0,-1.85907,-0.2382,0,0,0.136442
7.27865,0,-1.82566,3.20555,0,-1.85907,-0.236835,0,0,0.136442
7.28865,0,-1.84425,3.20319,0,-1.85907,-0.235471,0,0,0.136442
7.29865,0,-1.86284,3.20084,0,-1.85907,-0.234106,0,0,0.136442
7.30865,0,-1.88143,3.1985,0,-1.85907,-0.232742,0,0,0.136442
7.31865,0,-1.90002,3.19618,0,-1.85907,-0.231378,0,0,0.136442
7.32865,0,-1.91861,3.19388,0,-1.85907,-0.230013,0,0,0.136442
7.33865,0,-1.9372,3.19158,0,-1.85907,-0.228649,0,0,0.136442
7.34865,0,-1.95579,3.1893,0,-1.85907,-0.227284,0,0,0.136442
7.35865,0,-1.97438,3.18704,0,-1.85907,-0.22592,0,0,0.136442
7.36865,0,-1.99297,3.18479,0,-1.85907,-0.224555,0,0,0.136442
7.37865,0,-2.01156,3.18255,0,-1.85907,-0.223191,0,0,0.136442
7.38865,0,-2.03015,3.18032,0,-1.85907,-0.221827,0,0,0.136442
7.39865,0,-2.04874,3.17811,0,-1.85907,-0.220462,0,0,0.136442
7.40865,0,-2.06734,3.17591,0,-1.85907,-0.219098,0,0,0.136442
7.41865,0,-2.08593,3.17373,0,-1.85907,-0.217733,0,0,0.136442
7.42865,0,-2.10452,3.17156,0,-1.85907,-0.216369,0,0,0.136442
7.43865,0,-2.12311,3.1694,0,-1.85907,-0.215004,0,0,0.136442
7.44865,0,-2.1417,3.16726,0,-1.85907,-0.21364,0,0,0.136442
7.45865,0,-2.16029,3.16513,0,-1.85907,-0.212276,0,0,0.136442
7.46865,0,-2.17888,3.16301,0,-1.85907,-0.210911,0,0,0.136442
7.47865,0,-2.19747,3.16091,0,-1.85907,-0.209547,0,0,0.136442
7.48865,0,-2.21606,3.15882,0,-1.85907,-0.208182,0,0,0.136442
7.49865,0,-2.23465,3.15675,0,-1.85907,-0.206818,0,0,0.136442
7.50865,0,-2.25324,3.15468,0,-1.85907,-0.205453,0,0,0.136442
7.51865,0,-2.27183,3.15264,0,-1.85907,-0.204089,0,0,0.136442
7.52865,0,-2.29042,3.1506,0,-1.85907,-0.202725,0,0,0.136442
7.53865,0,-2.30902,3.14858,0,-1.85907,-0.20136,0,0,0.136442
7.54865,0,-2.32761,3.14658,0,-1.85907,-0.199996,0,0,0.136442
7.55865,0,-2.3462,3.14458,0,-1.85907,-0.198631,0,0,0.136442
7.56865,0,-2.36479,3.1426,0,-1.85907,-0.197267,0,0,0.136442
7.57865,0,-2.38338,3.14064,0,-1.85907,-0.195902,0,0,0.136442
7.58865,0,-2.40197,3.13869,0,-1.85907,-0.194538,0,0,0.136442
7.59865,0,-2.42056,3.13675,0,-1.85907,-0.193174,0,0,0.136442
7.60865,0,-2.43915,3.13482,0,-1.85907,-0.191809,0,0,0.136442
7.61865,0,-2.45774,3.13291,0,-1.85907,-0.190445,0,0,0.136442
7.62865,0,-2.47633,3.13101,0,-1.85907,-0.18908,0,0,0.136442
7.63865,0,-2.49492,3.12913,0,-1.85907,-0.187716,0,0,0.136442
7.64865,0,-2.51351,3.12726,0,-1.85907,-0.186352,0,0,0.136442
7.65865,0,-2.5321,3.1254,0,-1.85907,-0.184987,0,0,0.136442
7.66865,0,-2.55069,3.12356,0,-1.85907,-0.183623,0,0,0.136442
7.67865,0,-2.56929,3.12173,0,-1.85907,-0.182258,0,0,0.136442
7.68865,0,-2.58788,3.11991,0,-1.85907,-0.180894,0,0,0.136442
7.69865,0,-2.60647,3.11811,0,-1.85907,-0.179529,0,0,0.136442
7.70865,0,-2.62506,3.11632,0,-1.85907,-0.178165,0,0,0.136442
7.71865,0,-2.64365,3.11455,0,-1.85907,-0.176801,0,0,0.136442
7.72865,0,-2.66224,3.11279,0,-1.85907,-0.175436,0,0,0.136442
7.73865,0,-2.68083,3.11104,0,-1.85907,-0.174072,0,0,0.136442
7.74865,0,-2.69942,3.10931,0,-1.85907,-0.172707,0,0,0.136442
7.75865,0,-2.71801,3.10759,0,-1.85907,-0.171343,0,0,0.136442
7.76865,0,-2.7366,3.10588,0,-1.85907,-0.169978,0,0,0.136442
7.77865,0,-2.75519,3.10419,0,-1.85907,-0.168614,0,0,0.136442
7.78865,0,-2.77378,3.10251,0,-1.85907,-0.16725,0,0,0.136442
7.79865,0,-2.79237,3.10084,0,-1.85907,-0.165885,0,0,0.136442
7.80865,0,-2.81097,3.09919,0,-1.85907,-0.164521,0,0,0.136442
7.81865,0,-2.82956,3.09755,0,-1.85907,-0.163156,0,0,0.136442
7.82865,0,-2.84815,3.09593,0,-1.85907,-0.161792,0,0,0.136442
7.83865,0,-2.86674,3.09431,0,-1.85907,-0.160427,0,0,0.136442
7.84865,0,-2.88533,3.09272,0,-1.85907,-0.159063,0,0,0.136442
7.85865,0,-2.90392,3.09113,0,-1.85907,-0.157699,0,0,0.136442
7.86865,0,-2.92251,3.08956,0,-1.85907,-0.156334,0,0,0.136442
7.87865,0,-2.9411,3.08801,0,-1.85907,-0.15497,0,0,0.136442
7.88865,0,-2.95969,3.08646,0,-1.85907,-0.153605,0,0,0.136442
7.89865,0,-2.97828,3.08493,0,-1.85907,-0.152241,0,0,0.136442
7.90865,0,-2.99687,3.08342,0,-1.85907,-0.150877,0,0,0.136442
7.91865,0,-3.01546,3.08192,0,-1.85907,-0.149512,0,0,0.136442
7.92865,0,-3.03405,3.08043,0,-1.85907,-0.148148,0,0,0.136442
7.93865,0,-3.05265,3.07895,0,-1.85907,-0.146783,0,0,0.136442
7.94865,0,-3.07124,3.07749,0,-1.85907,-0.145419,0,0,0.136442
7.95865,0,-3.08983,3.07605,0,-1.85907,-0.144054,0,0,0.136442
7.96865,0,-3.10842,3.07461,0,-1.85907,-0.14269,0,0,0.136442
7.97865,0,-3.12701,3.07319,0,-1.85907,-0.141326,0,0,0.136442
7.98865,0,-3.1456,3.07179,0,-1.85907,-0.139961,0,0,0.136442
7.99865,0,-3.16419,3.07039,0,-1.85907,-0.138597,0,0,0.136442
8.00865,0,-3.18278,3.06901,0,-1.85907,-0.137232,0,0,0.136442
8.01865,0,-3.20137,3.06765,0,-1.85907,-0.135868,0,0,0.136442
8.02865,0,-3.21996,3.0663,0,-1.85907,-0.134503,0,0,0.136442
8.03865,0,-3.23855,3.06496,0,-1.85907,-0.133139,0,0,0.136442
8.04865,0,-3.25714,3.06363,0,-1.85907,-0.131775,0,0,0.136442
8.05865,0,-3.27573,3.06232,0,-1.85907,-0.13041,0,0,0.136442
8.06865,0,-3.29432,3.06103,0,-1.85907,-0.129046,0,0,0.136442
8.07865,0,-3.31292,3.05974,0,-1.85907,-0.127681,0,0,0.136442
8.08865,0,-3.33151,3.05847,0,-1.85907,-0.126317,0,0,0.136442
8.09865,0,-3.3501,3.05722,0,-1.85907,-0.124952,0,0,0.136442
8.10865,0,-3.36869,3.05597,0,-1.85907,-0.123588,0,0,0.136442
8.11865,0,-3.38728,3.05474,0,-1.85907,-0.122224,0,0,0.136442
8.12865,0,-3.40587,3.05353,0,-1.85907,-0.120859,0,0,0.136442
8.13865,0,-3.42446,3.05233,0,-1.85907,-0.119495,0,0,0.136442
8.14865,0,-3.44305,3.05114,0,-1.85907,-0.11813,0,0,0.136442
8.15865,0,-3.46164,3.04996,0,-1.85907,-0.116766,0,0,0.136442
8.16865,0,-3.48023,3.0488,0,-1.85907,-0.115401,0,0,0.136442
8.17865,0,-3.49882,3.04766,0,-1.85907,-0.114037,0,0,0.136442
8.18865,0,-3.51741,3.04652,0,-1.85907,-0.112673,0,0,0.136442
8.19865,0,-3.536,3.0454,0,-1.85907,-0.111308,0,0,0.136442
8.20865,0,-3.5546,3.0443,0,-1.85907,-0.109944,0,0,0.136442
8.21865,0,-3.57319,3.0432,0,-1.85907,-0.108579,0,0,0.136442
8.22865,0,-3.59178,3.04212,0,-1.85907,-0.107215,0,0,0.136442
8.23865,0,-3.61037,3.04106,0,-1.85907,-0.105851,0,0,0.136442
8.24865,0,-3.62896,3.04001,0,-1.85907,-0.104486,0,0,0.136442
8.25865,0,-3.64755,3.03897,0,-1.85907,-0.103122,0,0,0.136442
8.26865,0,-3.66614,3.03794,0,-1.85907,-0.101757,0,0,0.136442
8.27865,0,-3.68473,3.03693,0,-1.85907,-0.100393,0,0,0.136442
8.28865,0,-3.70332,3.03594,0,-1.85907,-0.0990284,0,0,0.136442
8.29865,0,-3.72191,3.03495,0,-1.85907,-0.097664,0,0,0.136442
8.30865,0,-3.7405,3.03398,0,-1.85907,-0.0962996,0,0,0.136442
8.31865,0,-3.75909,3.03303,0,-1.85907,-0.0949351,0,0,0.136442
8.32865,0,-3.77768,3.03208,0,-1.85907,-0.0935707,0,0,0.136442
8.33865,0,-3.79628,3.03116,0,-1.85907,-0.0922063,0,0,0.136442
8.34865,0,-3.81487,3.03024,0,-1.85907,-0.0908419,0,0,0.136442
8.35865,0,-3.83346,3.02934,0,-1.85907,-0.0894774,0,0,0.136442
8.36865,0,-3.85205,3.02845,0,-1.85907,-0.088113,0,0,0.136442
8.37865,0,-3.87064,3.02758,0,-1.85907,-0.0867486,0,0,0.136442
8.38865,0,-3.88923,3.02672,0,-1.85907,-0.0853842,0,0,0.136442
8.39865,0,-3.90782,3.02587,0,-1.85907,-0.0840197,0,0,0.136442
8.40865,0,-3.92641,3.02504,0,-1.85907,-0.0826553,0,0,0.136442
8.41865,0,-3.945,3.02422,0,-1.85907,-0.0812909,0,0,0.136442
8.42865,0,-3.96359,3.02341,0,-1.85907,-0.0799265,0,0,0.136442
8.43865,0,-3.98218,3.02262,0,-1.85907,-0.0785621,0,0,0.136442
8.44865,0,-4.00077,3.02184,0,-1.85907,-0.0771976,0,0,0.136442
8.45865,0,-4.01936,3.02107,0,-1.85907,-0.0758332,0,0,0.136442
8.46865,0,-4.03795,3.02032,0,-1.85907,-0.0744688,0,0,0.136442
8.47865,0,-4.05655,3.01958,0,-1.85907,-0.0731044,0,0,0.136442
8.48865,0,-4.07514,3.01886,0,-1.85907,-0.0717399,0,0,0.136442
8.49865,0,-4.09373,3.01815,0,-1.85907,-0.0703755,0,0,0.136442
8.50865,0,-4.11232,3.01745,0,-1.85907,-0.0690111,0,0,0.136442
8.51865,0,-4.13091,3.01677,0,-1.85907,-0.0676467,0,0,0.136442
8.52865,0,-4.1495,3.0161,0,-1.85907,-0.0662822,0,0,0.136442
8.53865,0,-4.16809,3.01544,0,-1.85907,-0.0649178,0,0,0.136442
8.54865,0,-4.18668,3.0148,0,-1.85907,-0.0635534,0,0,0.136442
8.55865,0,-4.20527,3.01417,0,-1.85907,-0.062189,0,0,0.136442
8.56865,0,-4.22386,3.01356,0,-1.85907,-0.0608245,0,0,0.136442
8.57865,0,-4.24245,3.01296,0,-1.85907,-0.0594601,0,0,0.136442
8.58865,0,-4.26104,3.01237,0,-1.85907,-0.0580957,0,0,0.136442
8.59865,0,-4.27963,3.01179,0,-1.85907,-0.0567313,0,0,0.136442
8.60865,0,-4.29823,3.01123,0,-1.85907,-0.0553668,0,0,0.136442
8.61865,0,-4.31682,3.01069,0,-1.85907,-0.0540024,0,0,0.136442
8.62865,0,-4.33541,3.01015,0,-1.85907,-0.052638,0,0,0.136442
8.63865,0,-4.354,3.00963,0,-1.85907,-0.0512736,0,0,0.136442
8.64865,0,-4.37259,3.00913,0,-1.85907,-0.0499092,0,0,0.136442
8.65865,0,-4.39118,3.00864,0,-1.85907,-0.0485447,0,0,0.136442
8.66865,0,-4.40977,3.00816,0,-1.85907,-0.0471803,0,0,0.136442
8.67865,0,-4.42836,3.00769,0,-1.85907,-0.0458159,0,0,0.136442
8.68865,0,-4.44695,3.00724,0,-1.85907,-0.0444515,0,0,0.136442
8.69865,0,-4.46554,3.0068,0,-1.85907,-0.043087,0,0,0.136442
8.70865,0,-4.48413,3.00638,0,-1.85907,-0.0417226,0,0,0.136442
8.71865,0,-4.50272,3.00597,0,-1.85907,-0.0403582,0,0,0.136442
8.72865,0,-4.52131,3.00557,0,-1.85907,-0.0389938,0,0,0.136442
8.73865,0,-4.5399,3.00519,0,-1.85907,-0.0376293,0,0,0.136442
8.74865,0,-4.5585,3.00482,0,-1.85907,-0.0362649,0,0,0.136442
8.75865,0,-4.57709,3.00446,0,-1.85907,-0.0349005,0,0,0.136442
8.76865,0,-4.59568,3.00412,0,-1.85907,-0.0335361,0,0,0.136442
8.77865,0,-4.61427,3.00379,0,-1.85907,-0.0321716,0,0,0.136442
8.78865,0,-4.63286,3.00348,0,-1.85907,-0.0308072,0,0,0.136442
8.79865,0,-4.65145,3.00318,0,-1.85907,-0.0294428,0,0,0.136442
8.80865,0,-4.67004,3.00289,0,-1.85907,-0.0280784,0,0,0.136442
8.81865,0,-4.68863,3.00262,0,-1.85907,-0.0267139,0,0,0.136442
8.82865,0,-4.70722,3.00235,0,-1.85907,-0.0253495,0,0,0.136442
8.83865,0,-4.72581,3.00211,0,-1.85907,-0.0239851,0,0,0.136442
8.84865,0,-4.7444,3.00188,0,-1.85907,-0.0226207,0,0,0.136442
8.85865,0,-4.76299,3.00166,0,-1.85907,-0.0212563,0,0,0.136442
8.86865,0,-4.78158,3.00145,0,-1.85907,-0.0198918,0,0,0.136442
8.87865,0,-4.80018,3.00126,0,-1.85907,-0.0185274,0,0,0.136442
8.88865,0,-4.81877,3.00108,0,-1.85907,-0.017163,0,0,0.136442
8.89865,0,-4.83736,3.00091,0,-1.85907,-0.0157986,0,0,0.136442
8.90865,0,-4.85595,3.00076,0,-1.85907,-0.0144341,0,0,0.136442
8.91865,0,-4.87454,3.00063,0,-1.85907,-0.0130697,0,0,0.136442
8.92865,0,-4.89313,3.0005,0,-1.85907,-0.0117053,0,0,0.136442
8.93865,0,-4.91172,3.00039,0,-1.85907,-0.0103409,0,0,0.136442
8.94865,0,-4.93031,3.0003,0,-1.85907,-0.00897644,0,0,0.136442
8.95865,0,-4.94889,3.00021,0,-1.83224,-0.00761202,0,32.8422,0.136442
8.96865,0,-4.96557,3.00014,0,-1.50382,-0.00624759,0,32.8422,0.136442
8.97865,0,-4.97897,3.00009,0,-1.17539,-0.00488317,0,32.8422,0.136442
8.98865,0,-4.98908,3.00005,0,-0.846973,-0.00351875,0,32.8422,0.136442
9.01444,0,-5,3,0,1.94984e-06,-0,0,32.7822,-19.8566
9.02444,0,-4.99836,2.99901,0,0.327824,-0.198566,0,32.7822,-19.8566
9.03444,0,-4.99344,2.99603,0,0.655646,-0.397133,0,32.7822,-19.8566
9.04444,0,-4.98525,2.99106,0,0.983468,-0.595699,0,32.7822,-19.8566
9.05444,0,-4.97377,2.98411,0,1.31129,-0.794265,0,32.7822,-19.8566
9.06444,0,-4.95902,2.97518,0,1.63911,-0.992832,0,32.7822,-19.8566
9.07444,0,-4.9419,2.96505,0,1.72305,-1.01234,0,0,0.349758
9.08444,0,-4.92467,2.95495,0,1.72305,-1.00884,0,0,0.349758
9.09444,0,-4.90744,2.94487,0,1.72305,-1.00534,0,0,0.349758
9.10444,0,-4.89021,2.93484,0,1.72305,-1.00184,0,0,0.349758
9.11444,0,-4.87298,2.92484,0,1.72305,-0.998347,0,0,0.349758
9.12444,0,-4.85575,2.91487,0,1.72305,-0.99485,0,0,0.349758
9.13444,0,-4.83852,2.90494,0,1.72305,-0.991352,0,0,0.349758
9.14444,0,-4.82129,2.89504,0,1.72305,-0.987855,0,0,0.349758
9.15444,0,-4.80406,2.88518,0,1.72305,-0.984357,0,0,0.349758
9.16444,0,-4.78682,2.87536,0,1.72305,-0.980859,0,0,0.349758
9.17444,0,-4.76959,2.86557,0,1.72305,-0.977362,0,0,0.349758
9.18444,0,-4.75236,2.85581,0,1.72305,-0.973864,0,0,0.349758
9.19444,0,-4.73513,2.84609,0,1.72305,-0.970367,0,0,0.349758
9.20444,0,-4.7179,2.8364,0,1.72305,-0.966869,0,0,0.349758
9.21444,0,-4.70067,2.82675,0,1.72305,-0.963371,0,0,0.349758
9.22444,0,-4.68344,2.81714,0,1.72305,-0.959874,0,0,0.349758
9.23444,0,-4.66621,2.80755,0,1.72305,-0.956376,0,0,0.349758
9.24444,0,-4.64898,2.79801,0,1.72305,-0.952879,0,0,0.349758
9.25444,0,-4.63175,2.7885,0,1.72305,-0.949381,0,0,0.349758
9.26444,0,-4.61452,2.77902,0,1.72305,-0.945884,0,0,0.349758
9.27444,0,-4.59729,2.76958,0,1.72305,-0.942386,0,0,0.349758
9.28444,0,-4.58006,2.76017,0,1.72305,-0.938888,0,0,0.349758
9.29444,0,-4.56283,2.7508,0,1.72305,-0.935391,0,0,0.349758
9.30444,0,-4.5456,2.74146,0,1.72305,-0.931893,0,0,0.349758
9.31444,0,-4.52837,2.73216,0,1.72305,-0.928396,0,0,0.349758
9.32444,0,-4.51114,2.7229,0,1.72305,-0.924898,0,0,0.349758
9.33444,0,-4.49391,2.71367,0,1.72305,-0.9214,0,0,0.349758
9.34444,0,-4.47668,2.70447,0,1.72305,-0.917903,0,0,0.349758
9.35444,0,-4.45945,2.69531,0,1.72305,-0.914405,0,0,0.349758
9.36444,0,-4.44221,2.68618,0,1.72305,-0.910908,0,0,0.349758
9.37444,0,-4.42498,2.67709,0,1.72305,-0.90741,0,0,0.349758
9.38444,0,-4.40775,2.66803,0,1.72305,-0.903913,0,0,0.349758
9.39444,0,-4.39052,2.65901,0,1.72305,-0.900415,0,0,0.349758
9.40444,0,-4.37329,2.65002,0,1.72305,-0.896917,0,0,0.349758
9.41444,0,-4.35606,2.64107,0,1.72305,-0.89342,0,0,0.349758
9.42444,0,-4.33883,2.63216,0,1.72305,-0.889922,0,0,0.349758
9.43444,0,-4.3216,2.62327,0,1.72305,-0.886425,0,0,0.349758
9.44444,0,-4.30437,2.61443,0,1.72305,-0.882927,0,0,0.349758
9.45444,0,-4.28714,2.60562,0,1.72305,-0.879429,0,0,0.349758
9.46444,0,-4.26991,2.59684,0,1.72305,-0.875932,0,0,0.349758
9.47444,0,-4.25268,2.5881,0,1.72305,-0.872434,0,0,0.349758
9.48444,0,-4.23545,2.57939,0,1.72305,-0.868937,0,0,0.349758
9.49444,0,-4.21822,2.57072,0,1.72305,-0.865439,0,0,0.349758
9.50444,0,-4.20099,2.56208,0,1.72305,-0.861942,0,0,0.349758
9.51444,0,-4.18376,2.55348,0,1.72305,-0.858444,0,0,0.349758
9.52444,0,-4.16653,2.54491,0,1.72305,-0.854946,0,0,0.349758
9.53444,0,-4.1493,2.53638,0,1.72305,-0.851449,0,0,0.349758
9.54444,0,-4.13207,2.52788,0,1.72305,-0.847951,0,0,0.349758
9.55444,0,-4.11484,2.51942,0,1.72305,-0.844454,0,0,0.349758
9.56444,0,-4.09761,2.51099,0,1.72305,-0.840956,0,0,0.349758
9.57444,0,-4.08037,2.5026,0,1.72305,-0.837459,0,0,0.349758
9.58444,0,-4.06314,2.49425,0,1.72305,-0.833961,0,0,0.349758
9.59444,0,-4.04591,2.48592,0,1.72305,-0.830463,0,0,0.349758
9.60444,0,-4.02868,2.47764,0,1.72305,-0.826966,0,0,0.349758
9.61444,0,-4.01145,2.46938,0,1.72305,-0.823468,0,0,0.349758
9.62444,0,-3.99422,2.46117,0,1.72305,-0.819971,0,0,0.349758
9.63444,0,-3.97699,2.45298,0,1.72305,-0.816473,0,0,0.349758
9.64444,0,-3.95976,2.44484,0,1.72305,-0.812975,0,0,0.349758
9.65444,0,-3.94253,2.43672,0,1.72305,-0.809478,0,0,0.349758
9.66444,0,-3.9253,2.42865,0,1.72305,-0.80598,0,0,0.349758
9.67444,0,-3.90807,2.42061,0,1.72305,-0.802483,0,0,0.349758
9.68444,0,-3.89084,2.4126,0,1.72305,-0.798985,0,0,0.349758
9.69444,0,-3.87361,2.40463,0,1.72305,-0.795488,0,0,0.349758
9.70444,0,-3.85638,2.39669,0,1.72305,-0.79199,0,0,0.349758
9.71444,0,-3.83915,2.38879,0,1.72305,-0.788492,0,0,0.349758
9.72444,0,-3.82192,2.38092,0,1.72305,-0.784995,0,0,0.349758
9.73444,0,-3.80469,2.37309,0,1.72305,-0.781497,0,0,0.349758
9.74444,0,-3.78746,2.36529,0,1.72305,-0.778,0,0,0.349758
9.75444,0,-3.77023,2.35753,0,1.72305,-0.774502,0,0,0.349758
9.76444,0,-3.753,2.3498,0,1.72305,-0.771004,0,0,0.349758
9.77444,0,-3.73576,2.34211,0,1.72305,-0.767507,0,0,0.349758
9.78444,0,-3.71853,2.33445,0,1.72305,-0.764009,0,0,0.349758
9.79444,0,-3.7013,2.32683,0,1.72305,-0.760512,0,0,0.349758
9.80444,0,-3.68407,2.31924,0,1.72305,-0.757014,0,0,0.349758
9.81444,0,-3.66684,2.31169,0,1.72305,-0.753517,0,0,0.349758
9.82444,0,-3.64961,2.30417,0,1.72305,-0.750019,0,0,0.349758
9.83444,0,-3.63238,2.29669,0,1.72305,-0.746521,0,0,0.349758
9.84444,0,-3.61515,2.28924,0,1.72305,-0.743024,0,0,0.349758
9.85444,0,-3.59792,2.28182,0,1.72305,-0.739526,0,0,0.349758
9.86444,0,-3.58069,2.27445,0,1.72305,-0.736029,0,0,0.349758
9.87444,0,-3.56346,2.2671,0,1.72305,-0.732531,0,0,0.349758
9.88444,0,-3.54623,2.2598,0,1.72305,-0.729033,0,0,0.349758
9.89444,0,-3.529,2.25252,0,1.72305,-0.725536,0,0,0.349758
9.90444,0,-3.51177,2.24529,0,1.72305,-0.722038,0,0,0.349758
9.91444,0,-3.49454,2.23808,0,1.72305,-0.718541,0,0,0.349758
9.92444,0,-3.47731,2.23091,0,1.72305,-0.715043,0,0,0.349758
9.93444,0,-3.46008,2.22378,0,1.72305,-0.711546,0,0,0.349758
9.94444,0,-3.44285,2.21668,0,1.72305,-0.708048,0,0,0.349758
9.95444,0,-3.42562,2.20962,0,1.72305,-0.70455,0,0,0.349758
9.96444,0,-3.40839,2.20259,0,1.72305,-0.701053,0,0,0.349758
9.97444,0,-3.39115,2.1956,0,1.72305,-0.697555,0,0,0.349758
9.98444,0,-3.37392,2.18864,0,1.72305,-0.694058,0,0,0.349758
9.99444,0,-3.35669,2.18172,0,1.72305,-0.69056,0,0,0.349758
10.0044,0,-3.33946,2.17483,0,1.72305,-0.687063,0,0,0.349758
10.0144,0,-3.32223,2.16798,0,1.72305,-0.683565,0,0,0.349758
10.0244,0,-3.305,2.16116,0,1.72305,-0.680067,0,0,0.349758
10.0344,0,-3.28777,2.15438,0,1.72305,-0.67657,0,0,0.349758
10.0444,0,-3.27054,2.14763,0,1.72305,-0.673072,0,0,0.349758
10.0544,0,-3.25331,2.14091,0,1.72305,-0.669575,0,0,0.349758
10.0644,0,-3.23608,2.13424,0,1.72305,-0.666077,0,0,0.349758
10.0744,0,-3.21885,2.12759,0,1.72305,-0.662579,0,0,0.349758
10.0844,0,-3.20162,2.12098,0,1.72305,-0.659082,0,0,0.349758
10.0944,0,-3.18439,2.11441,0,1.72305,-0.655584,0,0,0.349758
10.1044,0,-3.16716,2.10787,0,1.72305,-0.652087,0,0,0.349758
10.1144,0,-3.14993,2.10137,0,1.72305,-0.648589,0,0,0.349758
10.1244,0,-3.1327,2.0949,0,1.72305,-0.645092,0,0,0.349758
10.1344,0,-3.11547,2.08847,0,1.72305,-0.641594,0,0,0.349758
10.1444,0,-3.09824,2.08207,0,1.72305,-0.638096,0,0,0.349758
10.1544,0,-3.08101,2.07571,0,1.72305,-0.634599,0,0,0.349758
10.1644,0,-3.06378,2.06938,0,1.72305,-0.631101,0,0,0.349758
10.1744,0,-3.04655,2.06308,0,1.72305,-0.627604,0,0,0.349758
10.1844,0,-3.02931,2.05683,0,1.72305,-0.624106,0,0,0.349758
10.1944,0,-3.01208,2.0506,0,1.72305,-0.620608,0,0,0.349758
10.2044,0,-2.99485,2.04441,0,1.72305,-0.617111,0,0,0.349758
10.2144,0,-2.97762,2.03826,0,1.72305,-0.613613,0,0,0.349758
10.2244,0,-2.96039,2.03214,0,1.72305,-0.610116,0,0,0.349758
10.2344,0,-2.94316,2.02606,0,1.72305,-0.606618,0,0,0.349758
10.2444,0,-2.92593,2.02001,0,1.72305,-0.603121,0,0,0.349758
10.2544,0,-2.9087,2.01399,0,1.72305,-0.599623,0,0,0.349758
10.2644,0,-2.89147,2.00802,0,1.72305,-0.596125,0,0,0.349758
10.2744,0,-2.87424,2.00207,0,1.72305,-0.592628,0,0,0.349758
10.2844,0,-2.85701,1.99616,0,1.72305,-0.58913,0,0,0.349758
10.2944,0,-2.83978,1.99029,0,1.72305,-0.585633,0,0,0.349758
10.3044,0,-2.82255,1.98445,0,1.72305,-0.582135,0,0,0.349758
10.3144,0,-2.80532,1.97865,0,1.72305,-0.578637,0,0,0.349758
10.3244,0,-2.78809,1.97288,0,1.72305,-0.57514,0,0,0.349758
10.3344,0,-2.77086,1.96714,0,1.72305,-0.571642,0,0,0.349758
10.3444,0,-2.75363,1.96145,0,1.72305,-0.568145,0,0,0.349758
10.3544,0,-2.7364,1.95578,0,1.72305,-0.564647,0,0,0.349758
10.3644,0,-2.71917,1.95015,0,1.72305,-0.56115,0,0,0.349758
10.3744,0,-2.70194,1.94456,0,1.72305,-0.557652,0,0,0.349758
10.3844,0,-2.6847,1.939,0,1.72305,-0.554154,0,0,0.349758
10.3944,0,-2.66747,1.93348,0,1.72305,-0.550657,0,0,0.349758
10.4044,0,-2.65024,1.92799,0,1.72305,-0.547159,0,0,0.349758
10.4144,0,-2.63301,1.92253,0,1.72305,-0.543662,0,0,0.349758
10.4244,0,-2.61578,1.91711,0,1.72305,-0.540164,0,0,0.349758
10.4344,0,-2.59855,1.91173,0,1.72305,-0.536666,0,0,0.349758
10.4444,0,-2.58132,1.90638,0,1.72305,-0.533169,0,0,0.349758
10.4544,0,-2.56409,1.90107,0,1.72305,-0.529671,0,0,0.349758
10.4644,0,-2.54686,1.89579,0,1.72305,-0.526174,0,0,0.349758
10.4744,0,-2.52963,1.89054,0,1.72305,-0.522676,0,0,0.349758
10.4844,0,-2.5124,1.88533,0,1.72305,-0.519179,0,0,0.349758
10.4944,0,-2.49517,1.88016,0,1.72305,-0.515681,0,0,0.349758
10.5044,0,-2.47794,1.87502,0,1.72305,-0.512183,0,0,0.349758
10.5144,0,-2.46071,1.86991,0,1.72305,-0.508686,0,0,0.349758
10.5244,0,-2.44348,1.86485,0,1.72305,-0.505188,0,0,0.349758
10.5344,0,-2.42625,1.85981,0,1.72305,-0.501691,0,0,0.349758
10.5444,0,-2.40902,1.85481,0,1.72305,-0.498193,0,0,0.349758
10.5544,0,-2.39179,1.84985,0,1.72305,-0.494696,0,0,0.349758
10.5644,0,-2.37456,1.84492,0,1.72305,-0.491198,0,0,0.349758
10.5744,0,-2.35733,1.84002,0,1.72305,-0.4877,0,0,0.349758
10.5844,0,-2.34009,1.83516,0,1.72305,-0.484203,0,0,0.349758
10.5944,0,-2.32286,1.83034,0,1.72305,-0.480705,0,0,0.349758
10.6044,0,-2.30563,1.82555,0,1.72305,-0.477208,0,0,0.349758
10.6144,0,-2.2884,1.82079,0,1.72305,-0.47371,0,0,0.349758
10.6244,0,-2.27117,1.81608,0,1.72305,-0.470212,0,0,0.349758
10.6344,0,-2.25394,1.81139,0,1.72305,-0.466715,0,0,0.349758
10.6444,0,-2.23671,1.80674,0,1.72305,-0.463217,0,0,0.349758
10.6544,0,-2.21948,1.80213,0,1.72305,-0.45972,0,0,0.349758
10.6644,0,-2.20225,1.79755,0,1.72305,-0.456222,0,0,0.349758
10.6744,0,-2.18502,1.793,0,1.72305,-0.452725,0,0,0.349758
10.6844,0,-2.16779,1.78849,0,1.72305,-0.449227,0,0,0.349758
10.6944,0,-2.15056,1.78402,0,1.72305,-0.445729,0,0,0.349758
10.7044,0,-2.13333,1.77958,0,1.72305,-0.442232,0,0,0.349758
10.7144,0,-2.1161,1.77517,0,1.72305,-0.438734,0,0,0.349758
10.7244,0,-2.09887,1.7708,0,1.72305,-0.435237,0,0,0.349758
10.7344,0,-2.08164,1.76647,0,1.72305,-0.431739,0,0,0.349758
10.7444,0,-2.06441,1.76217,0,1.72305,-0.428241,0,0,0.349758
10.7544,0,-2.04718,1.7579,0,1.72305,-0.424744,0,0,0.349758
10.7644,0,-2.02995,1.75367,0,1.72305,-0.421246,0,0,0.349758
10.7744,0,-2.01272,1.74948,0,1.72305,-0.417749,0,0,0.349758
10.7844,0,-1.99549,1.74532,0,1.72305,-0.414251,0,0,0.349758
10.7944,0,-1.97825,1.74119,0,1.72305,-0.410754,0,0,0.349758
10.8044,0,-1.96102,1.7371,0,1.72305,-0.407256,0,0,0.349758
10.8144,0,-1.94379,1.73305,0,1.72305,-0.403758,0,0,0.349758
10.8244,0,-1.92656,1.72903,0,1.72305,-0.400261,0,0,0.349758
10.8344,0,-1.90933,1.72504,0,1.72305,-0.396763,0,0,0.349758
10.8444,0,-1.8921,1.72109,0,1.72305,-0.393266,0,0,0.349758
10.8544,0,-1.87487,1.71718,0,1.72305,-0.389768,0,0,0.349758
10.8644,0,-1.85764,1.7133,0,1.72305,-0.38627,0,0,0.349758
10.8744,0,-1.84041,1.70945,0,1.72305,-0.382773,0,0,0.349758
10.8844,0,-1.82318,1.70564,0,1.72305,-0.379275,0,0,0.349758
10.8944,0,-1.80595,1.70187,0,1.72305,-0.375778,0,0,0.349758
10.9044,0,-1.78872,1.69813,0,1.72305,-0.37228,0,0,0.349758
10.9144,0,-1.77149,1.69442,0,1.72305,-0.368783,0,0,0.349758
10.9244,0,-1.75426,1.69075,0,1.72305,-0.365285,0,0,0.349758
10.9344,0,-1.73703,1.68712,0,1.72305,-0.361787,0,0,0.349758
10.9444,0,-1.7198,1.68351,0,1.72305,-0.35829,0,0,0.349758
10.9544,0,-1.70257,1.67995,0,1.72305,-0.354792,0,0,0.349758
10.9644,0,-1.68534,1.67642,0,1.72305,-0.351295,0,0,0.349758
10.9744,0,-1.66811,1.67292,0,1.72305,-0.347797,0,0,0.349758
10.9844,0,-1.65088,1.66946,0,1.72305,-0.344299,0,0,0.349758
10.9944,0,-1.63364,1.66604,0,1.72305,-0.340802,0,0,0.349758
11.0044,0,-1.61641,1.66265,0,1.72305,-0.337304,0,0,0.349758
11.0144,0,-1.59918,1.65929,0,1.72305,-0.333807,0,0,0.349758
11.0244,0,-1.58195,1.65597,0,1.72305,-0.330309,0,0,0.349758
11.0344,0,-1.56472,1.65269,0,1.72305,-0.326812,0,0,0.349758
11.0444,0,-1.54749,1.64943,0,1.72305,-0.323314,0,0,0.349758
11.0544,0,-1.53026,1.64622,0,1.72305,-0.319816,0,0,0.349758
11.0644,0,-1.51303,1.64304,0,1.72305,-0.316319,0,0,0.349758
11.0744,0,-1.4958,1.63989,0,1.72305,-0.312821,0,0,0.349758
11.0844,0,-1.47857,1.63678,0,1.72305,-0.309324,0,0,0.349758
11.0944,0,-1.46134,1.63371,0,1.72305,-0.305826,0,0,0.349758
11.1044,0,-1.44411,1.63067,0,1.72305,-0.302329,0,0,0.349758
11.1144,0,-1.42688,1.62766,0,1.72305,-0.298831,0,0,0.349758
11.1244,0,-1.40965,1.62469,0,1.72305,-0.295333,0,0,0.349758
11.1344,0,-1.39242,1.62175,0,1.72305,-0.291836,0,0,0.349758
11.1444,0,-1.37519,1.61885,0,1.72305,-0.288338,0,0,0.349758
11.1544,0,-1.35796,1.61599,0,1.72305,-0.284841,0,0,0.349758
11.1644,0,-1.34073,1.61316,0,1.72305,-0.281343,0,0,0.349758
11.1744,0,-1.3235,1.61036,0,1.72305,-0.277845,0,0,0.349758
11.1844,0,-1.30627,1.6076,0,1.72305,-0.274348,0,0,0.349758
11.1944,0,-1.28904,1.60487,0,1.72305,-0.27085,0,0,0.349758
11.2044,0,-1.2718,1.60218,0,1.72305,-0.267353,0,0,0.349758
11.2144,0,-1.25457,1.59953,0,1.72305,-0.263855,0,0,0.349758
11.2244,0,-1.23734,1.5969,0,1.72305,-0.260358,0,0,0.349758
11.2344,0,-1.22011,1.59432,0,1.72305,-0.25686,0,0,0.349758
11.2444,0,-1.20288,1.59177,0,1.72305,-0.253362,0,0,0.349758
11.2544,0,-1.18565,1.58925,0,1.72305,-0.249865,0,0,0.349758
11.2644,0,-1.16842,1.58677,0,1.72305,-0.246367,0,0,0.349758
11.2744,0,-1.15119,1.58432,0,1.72305,-0.24287,0,0,0.349758
11.2844,0,-1.13396,1.58191,0,1.72305,-0.239372,0,0,0.349758
11.2944,0,-1.11673,1.57954,0,1.72305,-0.235874,0,0,0.349758
11.3044,0,-1.0995,1.57719,0,1.72305,-0.232377,0,0,0.349758
11.3144,0,-1.08227,1.57489,0,1.72305,-0.228879,0,0,0.349758
11.3244,0,-1.06504,1.57262,0,1.72305,-0.225382,0,0,0.349758
11.3344,0,-1.04781,1.57038,0,1.72305,-0.221884,0,0,0.349758
11.3444,0,-1.03058,1.56818,0,1.72305,-0.218387,0,0,0.349758
11.3544,0,-1.01335,1.56601,0,1.72305,-0.214889,0,0,0.349758
11.3644,0,-0.996117,1.56388,0,1.72305,-0.211391,0,0,0.349758
11.3744,0,-0.978886,1.56179,0,1.72305,-0.207894,0,0,0.349758
11.3844,0,-0.961656,1.55972,0,1.72305,-0.204396,0,0,0.349758
11.3944,0,-0.944425,1.5577,0,1.72305,-0.200899,0,0,0.349758
11.4044,0,-0.927195,1.55571,0,1.72305,-0.197401,0,0,0.349758
11.4144,0,-0.909964,1.55375,0,1.72305,-0.193903,0,0,0.349758
11.4244,0,-0.892734,1.55183,0,1.72305,-0.190406,0,0,0.349758
11.4344,0,-0.875503,1.54994,0,1.72305,-0.186908,0,0,0.349758
11.4444,0,-0.858273,1.54809,0,1.72305,-0.183411,0,0,0.349758
11.4544,0,-0.841042,1.54627,0,1.72305,-0.179913,0,0,0.349758
11.4644,0,-0.823812,1.54449,0,1.72305,-0.176416,0,0,0.349758
11.4744,0,-0.806581,1.54274,0,1.72305,-0.172918,0,0,0.349758
11.4844,0,-0.789351,1.54103,0,1.72305,-0.16942,0,0,0.349758
11.4944,0,-0.77212,1.53936,0,1.72305,-0.165923,0,0,0.349758
11.5044,0,-0.75489,1.53771,0,1.72305,-0.162425,0,0,0.349758
11.5144,0,-0.737659,1.53611,0,1.72305,-0.158928,0,0,0.349758
11.5244,0,-0.720429,1.53454,0,1.72305,-0.15543,0,0,0.349758
11.5344,0,-0.703198,1.533,0,1.72305,-0.151933,0,0,0.349758
11.5444,0,-0.685968,1.5315,0,1.72305,-0.148435,0,0,0.349758
11.5544,0,-0.668737,1.53003,0,1.72305,-0.144937,0,0,0.349758
11.5644,0,-0.651507,1.5286,0,1.72305,-0.14144,0,0,0.349758
11.5744,0,-0.634276,1.5272,0,1.72305,-0.137942,0,0,0.349758
11.5844,0,-0.617046,1.52584,0,1.72305,-0.134445,0,0,0.349758
11.5944,0,-0.599815,1.52451,0,1.72305,-0.130947,0,0,0.349758
11.6044,0,-0.582585,1.52322,0,1.72305,-0.127449,0,0,0.349758
11.6144,0,-0.565354,1.52196,0,1.72305,-0.123952,0,0,0.349758
11.6244,0,-0.548124,1.52074,0,1.72305,-0.120454,0,0,0.349758
11.6344,0,-0.530893,1.51955,0,1.72305,-0.116957,0,0,0.349758
11.6444,0,-0.513663,1.5184,0,1.72305,-0.113459,0,0,0.349758
11.6544,0,-0.496432,1.51729,0,1.72305,-0.109962,0,0,0.349758
11.6644,0,-0.479202,1.5162,0,1.72305,-0.106464,0,0,0.349758
11.6744,0,-0.461971,1.51516,0,1.72305,-0.102966,0,0,0.349758
11.6844,0,-0.444741,1.51414,0,1.72305,-0.0994688,0,0,0.349758
11.6944,0,-0.42751,1.51317,0,1.72305,-0.0959712,0,0,0.349758
11.7044,0,-0.41028,1.51222,0,1.72305,-0.0924736,0,0,0.349758
11.7144,0,-0.393049,1.51132,0,1.72305,-0.088976,0,0,0.349758
11.7244,0,-0.375819,1.51045,0,1.72305,-0.0854785,0,0,0.349758
11.7344,0,-0.358589,1.50961,0,1.72305,-0.0819809,0,0,0.349758
11.7444,0,-0.341358,1.50881,0,1.72305,-0.0784833,0,0,0.349758
11.7544,0,-0.324128,1.50804,0,1.72305,-0.0749857,0,0,0.349758
11.7644,0,-0.306897,1.50731,0,1.72305,-0.0714881,0,0,0.349758
11.7744,0,-0.289667,1.50661,0,1.72305,-0.0679905,0,0,0.349758
11.7844,0,-0.272436,1.50595,0,1.72305,-0.064493,0,0,0.349758
11.7944,0,-0.255206,1.50532,0,1.72305,-0.0609954,0,0,0.349758
11.8044,0,-0.237975,1.50473,0,1.72305,-0.0574978,0,0,0.349758
11.8144,0,-0.220745,1.50417,0,1.72305,-0.0540002,0,0,0.349758
11.8244,0,-0.203514,1.50365,0,1.72305,-0.0505026,0,0,0.349758
11.8344,0,-0.186284,1.50316,0,1.72305,-0.0470051,0,0,0.349758
11.8444,0,-0.169053,1.50271,0,1.72305,-0.0435075,0,0,0.349758
11.8544,0,-0.151823,1.50229,0,1.72305,-0.0400099,0,0,0.349758
11.8644,0,-0.134592,1.50191,0,1.72305,-0.0365123,0,0,0.349758
11.8744,0,-0.117362,1.50156,0,1.72305,-0.0330147,0,0,0.349758
11.8844,0,-0.100131,1.50125,0,1.72305,-0.0295171,0,0,0.349758
11.8944,0,-0.0829006,1.50097,0,1.72305,-0.0260196,0,0,0.349758
11.9044,0,-0.0656702,1.50073,0,1.72305,-0.022522,0,0,0.349758
11.9144,0,-0.0484397,1.50052,0,1.72305,-0.0190244,0,0,0.349758
11.9244,0,-0.0323026,1.50034,0,1.4553,-0.0155268,0,-32.7822,0.349758
11.9344,0,-0.0193887,1.50021,0,1.12748,-0.0120292,0,-32.7822,0.349758
11.9444,0,-0.00975302,1.5001,0,0.799657,-0.00853166,0,-32.7822,0.349758
11.9688,0,0,1.5,0,0,0,0,-32.7822,0.349758
