time,px,py,pz,vx,vy,vz,ax,ay,az
0,-1.5,-2.5,1.45,0,0,0,-22.6102,25.8148,0
0.01,-1.50113,-2.49871,1.45,-0.226102,0.258148,0,-22.6102,25.8148,0
0.02,-1.50452,-2.49484,1.45,-0.452204,0.516296,0,-22.6102,25.8148,0
0.03,-1.51017,-2.48838,1.45,-0.678306,0.774444,0,-22.6102,25.8148,0
0.04,-1.51809,-2.47935,1.45,-0.904408,1.03259,0,-22.6102,25.8148,0
0.05,-1.52826,-2.46773,1.45,-1.13051,1.29074,0,-22.6102,25.8148,0
0.06,-1.5407,-2.45353,1.45,-1.35661,1.54889,0,-22.6102,25.8148,0
0.07,-1.55539,-2.43675,1.45,-1.58271,1.80704,0,-22.6102,25.8148,0
0.08,-1.57235,-2.41739,1.45,-1.80882,2.06518,0,-22.6102,25.8148,0
0.09,-1.58996,-2.39545,1.45,-1.65268,2.32333,0,22.6102,25.8148,0
0.1,-1.60535,-2.37093,1.45,-1.42658,2.58148,0,22.6102,25.8148,0
0.11,-1.61849,-2.34382,1.45,-1.20047,2.83963,0,22.6102,25.8148,0
0.12,-1.62936,-2.31413,1.45,-0.974372,3.09777,0,22.6102,25.8148,0
0.13,-1.63797,-2.28187,1.45,-0.74827,3.35592,0,22.6102,25.8148,0
0.14,-1.64433,-2.24702,1.45,-0.522169,3.61407,0,22.6102,25.8148,0
0.15,-1.64842,-2.20958,1.45,-0.296067,3.87222,0,22.6102,25.8148,0
0.16,-1.65025,-2.16957,1.45,-0.0699647,4.13037,0,22.6102,25.8148,0
0.17,-1.64982,-2.12698,1.45,0.156137,4.38851,0,22.6102,25.8148,0
0.18,-1.64713,-2.0818,1.45,0.382239,4.64666,0,22.6102,25.8148,0
0.19,-1.64217,-2.03404,1.45,0.608341,4.90481,0,22.6102,25.8148,0
0.2,-1.63496,-1.9837,1.45,0.834443,5.16296,0,22.6102,25.8148,0
0.21,-1.62548,-1.93078,1.45,1.06055,5.42111,0,22.6102,25.8148,0
0.22,-1.61375,-1.87528,1.45,1.28665,5.67925,0,22.6102,25.8148,0
0.23,-1.59975,-1.8172,1.45,1.51275,5.9374,0,22.6102,25.8148,0
0.24,-1.58349,-1.75653,1.45,1.73885,6.19555,0,22.6102,25.8148,0
0.25,-1.56497,-1.69329,1.45,1.96495,6.4537,0,22.6102,25.8148,0
0.26,-1.54419,-1.62746,1.45,2.19105,6.71185,0,22.6102,25.8148,0
0.27,-1.52115,-1.55905,1.45,2.41716,6.96999,0,22.6102,25.8148,0
0.27842,-1.5,-1.5,1.45,2.60752,6.94943,0,33.4252,7.75552,0
0.28842,-1.47225,-1.43045,1.45,2.94178,6.92612,0,33.4252,-7.75552,0
0.29842,-1.44116,-1.36157,1.45,3.27603,6.84857,0,33.4252,-7.75552,0
0.30842,-1.40673,-1.29347,1.45,3.61028,6.77101,0,33.4252,-7.75552,0
0.31842,-1.36896,-1.22615,1.45,3.94453,6.69346,0,33.4252,-7.75552,0
0.32842,-1.32784,-1.15961,1.45,4.27879,6.6159,0,33.4252,-7.75552,0
0.33842,-1.28338,-1.09383,1.45,4.61304,6.53835,0,33.4252,-7.75552,0
0.34842,-1.23558,-1.02884,1.45,4.94729,6.46079,0,33.4252,-7.75552,0
0.35842,-1.18444,-0.964618,1.45,5.28154,6.38324,0,33.4252,-7.75552,0
0.36842,-1.12995,-0.901173,1.45,5.61579,6.30568,0,33.4252,-7.75552,0
0.37842,-1.07212,-0.838504,1.45,5.95005,6.22813,0,33.4252,-7.75552,0
0.38842,-1.01095,-0.776611,1.45,6.2843,6.15057,0,33.4252,-7.75552,0
0.39842,-0.946435,-0.715493,1.45,6.61855,6.07302,0,33.4252,-7.75552,0
0.40842,-0.878579,-0.655151,1.45,6.9528,5.99546,0,33.4252,-7.75552,0
0.41842,-0.807379,-0.595584,1.45,7.28706,5.91791,0,33.4252,-7.75552,0
0.42842,-0.732838,-0.536792,1.45,7.62131,5.84035,0,33.4252,-7.75552,0
0.43842,-0.654953,-0.478777,1.45,7.95556,5.7628,0,33.4252,-7.75552,0
0.44842,-0.573726,-0.421536,1.45,8.28981,5.68524,0,33.4252,-7.75552,0
0.45842,-0.489888,-0.365072,1.45,8.31136,5.60769,0,-33.4252,-7.75552,0
0.46842,-0.408446,-0.309383,1.45,7.9771,5.53013,0,-33.4252,-7.75552,0
0.47842,-0.330346,-0.254469,1.45,7.64285,5.45258,0,-33.4252,-7.75552,0
0.48842,-0.255589,-0.200331,1.45,7.3086,5.37502,0,-33.4252,-7.75552,0
0.49842,-0.184174,-0.146969,1.45,6.97435,5.29747,0,-33.4252,-7.75552,0
0.52675,0,0,1.45,6.02738,5.07775,0,33.5586,-7.18025,0
0.53675,0.0619518,0.0504185,1.45,6.36297,5.00594,0,33.5586,-7.18025,0
0.54675,0.127259,0.100119,1.45,6.69856,4.93414,0,33.5586,-7.18025,0
0.55675,0.195923,0.149101,1.45,7.03414,4.86234,0,33.5586,-7.18025,0
0.56675,0.267942,0.197366,1.45,7.36973,4.79054,0,33.5586,-7.18025,0
0.57675,0.343318,0.244912,1.45,7.70532,4.71873,0,33.5586,-7.18025,0
0.58675,0.422049,0.29174,1.45,8.0409,4.64693,0,33.5586,-7.18025,0
0.59675,0.503839,0.337851,1.45,8.17688,4.57513,0,-33.5586,-7.18025,0
0.60675,0.58393,0.383243,1.45,7.8413,4.50333,0,-33.5586,-7.18025,0
0.61675,0.660665,0.427917,1.45,7.50571,4.43152,0,-33.5586,-7.18025,0
0.62675,0.734044,0.471873,1.45,7.17012,4.35972,0,-33.5586,-7.18025,0
0.63675,0.804067,0.515112,1.45,6.83454,4.28792,0,-33.5586,-7.18025,0
0.64675,0.870735,0.557632,1.45,6.49895,4.21612,0,-33.5586,-7.18025,0
0.65675,0.934046,0.600068,1.45,6.16337,4.27922,0,-33.5586,7.18025,0
0.66675,0.994002,0.643219,1.45,5.82778,4.35102,0,-33.5586,7.18025,0
0.67675,1.0506,0.687088,1.45,5.49219,4.42282,0,-33.5586,7.18025,0
0.68675,1.10385,0.731675,1.45,5.15661,4.49462,0,-33.5586,7.18025,0
0.69675,1.15373,0.776981,1.45,4.82102,4.56643,0,-33.5586,7.18025,0
0.70675,1.20027,0.823004,1.45,4.48543,4.63823,0,-33.5586,7.18025,0
0.71675,1.24344,0.869745,1.45,4.14985,4.71003,0,-33.5586,7.18025,0
0.72675,1.28326,0.917204,1.45,3.81426,4.78183,0,-33.5586,7.18025,0
0.73675,1.31973,0.965382,1.45,3.47868,4.85364,0,-33.5586,7.18025,0
0.74675,1.35284,1.01428,1.45,3.14309,4.92544,0,-33.5586,7.18025,0
0.75675,1.38259,1.06389,1.45,2.8075,4.99724,0,-33.5586,7.18025,0
0.76675,1.40899,1.11422,1.45,2.47192,5.06904,0,-33.5586,7.18025,0
0.77675,1.43203,1.16527,1.45,2.13633,5.14085,0,-33.5586,7.18025,0
0.78675,1.45171,1.21704,1.45,1.80074,5.21265,0,-33.5586,7.18025,0
0.79675,1.46804,1.26952,1.45,1.46516,5.28445,0,-33.5586,7.18025,0
0.80675,1.48102,1.32273,1.45,1.12957,5.35625,0,-33.5586,7.18025,0
0.81675,1.49063,1.37665,1.45,0.793985,5.42806,0,-33.5586,7.18025,0
0.839143,1.5,1.5,1.45,0.0425086,5.58884,0,-23.5319,24.9807,0
0.849143,1.49925,1.55714,1.45,-0.19281,5.83865,0,-23.5319,24.9807,0
0.859143,1.49614,1.61677,1.45,-0.428129,6.08846,0,-23.5319,24.9807,0
0.869143,1.49069,1.67891,1.45,-0.663448,6.33827,0,-23.5319,24.9807,0
0.879143,1.48287,1.74354,1.45,-0.898767,6.58807,0,-23.5319,24.9807,0
0.889143,1.47271,1.81067,1.45,-1.13409,6.83788,0,-23.5319,24.9807,0
0.899143,1.46019,1.8803,1.45,-1.36941,7.08769,0,-23.5319,24.9807,0
0.909143,1.44532,1.95233,1.45,-1.60472,7.23952,0,-23.5319,-24.9807,0
0.919143,1.4281,2.02347,1.45,-1.84004,6.98972,0,-23.5319,-24.9807,0
0.929143,1.40852,2.09212,1.45,-2.07536,6.73991,0,-23.5319,-24.9807,0
0.939143,1.38659,2.15827,1.45,-2.31068,6.4901,0,-23.5319,-24.9807,0
0.949143,1.36231,2.22192,1.45,-2.546,6.24029,0,-23.5319,-24.9807,0
0.959143,1.33567,2.28308,1.45,-2.78132,5.99049,0,-23.5319,-24.9807,0
0.969143,1.30668,2.34173,1.45,-3.01664,5.74068,0,-23.5319,-24.9807,0
0.979143,1.27534,2.39789,1.45,-3.25196,5.49087,0,-23.5319,-24.9807,0
0.989143,1.24164,2.45155,1.45,-3.48728,5.24107,0,-23.5319,-24.9807,0
0.999143,1.20559,2.50271,1.45,-3.7226,4.99126,0,-23.5319,-24.9807,0
1.00914,1.16719,2.55137,1.45,-3.95791,4.74145,0,-23.5319,-24.9807,0
1.01914,1.12643,2.59754,1.45,-4.19323,4.49164,0,-23.5319,-24.9807,0
1.02914,1.08333,2.64121,1.45,-4.42855,4.24184,0,-23.5319,-24.9807,0
1.03914,1.03786,2.68238,1.45,-4.66387,3.99203,0,-23.5319,-24.9807,0
1.04914,0.990048,2.72105,1.45,-4.89919,3.74222,0,-23.5319,-24.9807,0
1.05914,0.93988,2.75722,1.45,-5.13451,3.49241,0,-23.5319,-24.9807,0
1.06914,0.887358,2.7909,1.45,-5.36983,3.24261,0,-23.5319,-24.9807,0
1.07914,0.832483,2.82207,1.45,-5.60515,2.9928,0,-23.5319,-24.9807,0
1.08914,0.775255,2.85075,1.45,-5.84047,2.74299,0,-23.5319,-24.9807,0
1.09914,0.715674,2.87693,1.45,-6.07579,2.49319,0,-23.5319,-24.9807,0
1.10914,0.65374,2.90062,1.45,-6.3111,2.24338,0,-23.5319,-24.9807,0
1.11914,0.589452,2.9218,1.45,-6.54642,1.99357,0,-23.5319,-24.9807,0
1.12914,0.522811,2.94049,1.45,-6.78174,1.74376,0,-23.5319,-24.9807,0
1.13914,0.453817,2.95668,1.45,-7.01706,1.49396,0,-23.5319,-24.9807,0
1.14914,0.382831,2.97037,1.45,-7.06811,1.24415,0,23.5319,-24.9807,0
1.15914,0.313326,2.98156,1.45,-6.83279,0.994341,0,23.5319,-24.9807,0
1.16914,0.246175,2.99025,1.45,-6.59747,0.744534,0,23.5319,-24.9807,0
1.17914,0.181377,2.99645,1.45,-6.36215,0.494727,0,23.5319,-24.9807,0
1.18914,0.118932,3.00015,1.45,-6.12683,0.24492,0,23.5319,-24.9807,0
1.20934,0,3,1.45,-5.65161,-0.259563,0,-28.7164,-18.7831,0
1.21934,-0.0579519,2.99647,1.45,-5.93877,-0.447394,0,-28.7164,-18.7831,0
1.22934,-0.118775,2.99105,1.45,-6.22593,-0.635224,0,-28.7164,-18.7831,0
1.23934,-0.182471,2.98376,1.45,-6.5131,-0.823055,0,-28.7164,-18.7831,0
1.24934,-0.249037,2.97459,1.45,-6.80026,-1.01089,0,-28.7164,-18.7831,0
1.25934,-0.318476,2.96354,1.45,-7.08743,-1.19872,0,-28.7164,-18.7831,0
1.26934,-0.390786,2.95062,1.45,-7.37459,-1.38655,0,-28.7164,-18.7831,0
1.27934,-0.465968,2.93581,1.45,-7.66176,-1.57438,0,-28.7164,-18.7831,0
1.28934,-0.54248,2.91913,1.45,-7.5282,-1.76221,0,28.7164,-18.7831,0
1.29934,-0.616326,2.90057,1.45,-7.24104,-1.95004,0,28.7164,-18.7831,0
1.30934,-0.687301,2.88013,1.45,-6.95387,-2.13787,0,28.7164,-18.7831,0
1.31934,-0.755404,2.85781,1.45,-6.66671,-2.3257,0,28.7164,-18.7831,0
1.32934,-0.820635,2.83361,1.45,-6.37955,-2.51353,0,28.7164,-18.7831,0
1.33934,-0.882995,2.80754,1.45,-6.09238,-2.70136,0,28.7164,-18.7831,0
1.34934,-0.942483,2.77959,1.45,-5.80522,-2.88919,0,28.7164,-18.7831,0
1.35934,-0.999099,2.74976,1.45,-5.51805,-3.07702,0,28.7164,-18.7831,0
1.36934,-1.05284,2.71805,1.45,-5.23089,-3.26485,0,28.7164,-18.7831,0
1.37934,-1.10372,2.68446,1.45,-4.94372,-3.45268,0,28.7164,-18.7831,0
1.38934,-1.15172,2.64899,1.45,-4.65656,-3.64051,0,28.7164,-18.7831,0
1.39934,-1.19685,2.61165,1.45,-4.36939,-3.82834,0,28.7164,-18.7831,0
1.40934,-1.23911,2.57243,1.45,-4.08223,-4.01617,0,28.7164,-18.7831,0
1.41934,-1.27849,2.53133,1.45,-3.79507,-4.204,0,28.7164,-18.7831,0
1.42934,-1.31501,2.48835,1.45,-3.5079,-4.39183,0,28.7164,-18.7831,0
1.43934,-1.34865,2.44349,1.45,-3.22074,-4.57966,0,28.7164,-18.7831,0
1.44934,-1.37942,2.39675,1.45,-2.93357,-4.7675,0,28.7164,-18.7831,0
1.45934,-1.40732,2.34814,1.45,-2.64641,-4.95533,0,28.7164,-18.7831,0
1.46934,-1.43235,2.29765,1.45,-2.35924,-5.14316,0,28.7164,-18.7831,0
1.47934,-1.45451,2.24528,1.45,-2.07208,-5.33099,0,28.7164,-18.7831,0
1.48934,-1.47379,2.19103,1.45,-1.78492,-5.51882,0,28.7164,-18.7831,0
1.49934,-1.49021,2.1349,1.45,-1.49775,-5.70665,0,28.7164,-18.7831,0
1.50934,-1.50375,2.07689,1.45,-1.21059,-5.89448,0,28.7164,-18.7831,0
1.51934,-1.51442,2.01701,1.45,-0.923423,-6.08231,0,28.7164,-18.7831,0
1.52934,-1.52222,1.95525,1.45,-0.636259,-6.27014,0,28.7164,-18.7831,0
1.53934,-1.52714,1.89161,1.45,-0.349095,-6.45797,0,28.7164,-18.7831,0
1.54934,-1.5292,1.82609,1.45,-0.0619303,-6.6458,0,28.7164,-18.7831,0
1.55934,-1.52838,1.75869,1.45,0.225234,-6.83363,0,28.7164,-18.7831,0
1.56934,-1.52469,1.68942,1.45,0.512398,-7.02146,0,28.7164,-18.7831,0
1.59664,-1.5,1.5,1.45,1.29643,-6.69892,0,33.3546,-8.07931,0
1.60664,-1.48537,1.43341,1.45,1.62997,-6.61871,0,33.3546,8.07931,0
1.61664,-1.4674,1.36763,1.45,1.96352,-6.53792,0,33.3546,8.07931,0
1.62664,-1.4461,1.30265,1.45,2.29706,-6.45713,0,33.3546,8.07931,0
1.63664,-1.42146,1.23848,1.45,2.63061,-6.37634,0,33.3546,8.07931,0
1.64664,-1.39349,1.17512,1.45,2.96416,-6.29554,0,33.3546,8.07931,0
1.65664,-1.36218,1.11257,1.45,3.2977,-6.21475,0,33.3546,8.07931,0
1.66664,-1.32753,1.05083,1.45,3.63125,-6.13396,0,33.3546,8.07931,0
1.67664,-1.28955,0.989893,1.45,3.96479,-6.05316,0,33.3546,8.07931,0
1.68664,-1.24824,0.929766,1.45,4.29834,-5.97237,0,33.3546,8.07931,0
1.69664,-1.20358,0.870446,1.45,4.63189,-5.89158,0,33.3546,8.07931,0
1.70664,-1.1556,0.811934,1.45,4.96543,-5.81078,0,33.3546,8.07931,0
1.71664,-1.10428,0.75423,1.45,5.29898,-5.72999,0,33.3546,8.07931,0
1.72664,-1.04962,0.697334,1.45,5.63252,-5.6492,0,33.3546,8.07931,0
1.73664,-0.991625,0.641246,1.45,5.96607,-5.5684,0,33.3546,8.07931,0
1.74664,-0.930297,0.585966,1.45,6.29962,-5.48761,0,33.3546,8.07931,0
1.75664,-0.865633,0.531494,1.45,6.63316,-5.40682,0,33.3546,8.07931,0
1.76664,-0.797634,0.47783,1.45,6.96671,-5.32602,0,33.3546,8.07931,0
1.77664,-0.726299,0.424973,1.45,7.30025,-5.24523,0,33.3546,8.07931,0
1.78664,-0.651628,0.372925,1.45,7.6338,-5.16444,0,33.3546,8.07931,0
1.79664,-0.573623,0.321685,1.45,7.96735,-5.08365,0,33.3546,8.07931,0
1.80664,-0.492282,0.271252,1.45,8.30089,-5.00285,0,33.3546,8.07931,0
1.81664,-0.407605,0.221628,1.45,8.63444,-4.92206,0,33.3546,8.07931,0
1.82664,-0.319593,0.172811,1.45,8.96798,-4.84127,0,33.3546,8.07931,0
1.83664,-0.229003,0.124802,1.45,8.98365,-4.76047,0,-33.3546,8.07931,0
1.86347,0,0,1.45,8.08884,-4.54373,0,33.3487,8.09878,0
1.87347,0.0825559,-0.0456697,1.45,8.42233,-4.60643,0,33.3487,-8.09878,0
1.88347,0.168447,-0.0921389,1.45,8.75582,-4.68742,0,33.3487,-8.09878,0
1.89347,0.257672,-0.139418,1.45,9.08931,-4.7684,0,33.3487,-8.09878,0
1.90347,0.347842,-0.187507,1.45,8.85812,-4.84939,0,-33.3487,-8.09878,0
1.91347,0.434756,-0.236406,1.45,8.52463,-4.93038,0,-33.3487,-8.09878,0
1.92347,0.518335,-0.286115,1.45,8.19114,-5.01137,0,-33.3487,-8.09878,0
1.93347,0.598579,-0.336633,1.45,7.85766,-5.09236,0,-33.3487,-8.09878,0
1.94347,0.675488,-0.387962,1.45,7.52417,-5.17334,0,-33.3487,-8.09878,0
1.95347,0.749062,-0.4401,1.45,7.19068,-5.25433,0,-33.3487,-8.09878,0
1.96347,0.819302,-0.493048,1.45,6.85719,-5.33532,0,-33.3487,-8.09878,0
1.97347,0.886206,-0.546807,1.45,6.52371,-5.41631,0,-33.3487,-8.09878,0
1.98347,0.949776,-0.601375,1.45,6.19022,-5.4973,0,-33.3487,-8.09878,0
1.99347,1.01001,-0.656752,1.45,5.85673,-5.57828,0,-33.3487,-8.09878,0
2.00347,1.06691,-0.71294,1.45,5.52325,-5.65927,0,-33.3487,-8.09878,0
2.01347,1.12048,-0.769938,1.45,5.18976,-5.74026,0,-33.3487,-8.09878,0
2.02347,1.17071,-0.827745,1.45,4.85627,-5.82125,0,-33.3487,-8.09878,0
2.03347,1.2176,-0.886363,1.45,4.52278,-5.90223,0,-33.3487,-8.09878,0
2.04347,1.26116,-0.94579,1.45,4.1893,-5.98322,0,-33.3487,-8.09878,0
2.05347,1.30139,-1.00603,1.45,3.85581,-6.06421,0,-33.3487,-8.09878,0
2.06347,1.33828,-1.06707,1.45,3.52232,-6.1452,0,-33.3487,-8.09878,0
2.07347,1.37183,-1.12893,1.45,3.18884,-6.22619,0,-33.3487,-8.09878,0
2.08347,1.40205,-1.1916,1.45,2.85535,-6.30717,0,-33.3487,-8.09878,0
2.09347,1.42894,-1.25507,1.45,2.52186,-6.38816,0,-33.3487,-8.09878,0
2.10347,1.45249,-1.31936,1.45,2.18837,-6.46915,0,-33.3487,-8.09878,0
2.11347,1.47271,-1.38446,1.45,1.85489,-6.55014,0,-33.3487,-8.09878,0
2.13092,1.5,-1.5,1.45,1.2729,-6.69147,0,-30.0893,-16.5011,0
2.14092,1.51122,-1.56774,1.45,0.972011,-6.85648,0,-30.0893,-16.5011,0
2.15092,1.51944,-1.63638,1.45,0.671118,-6.79843,0,-30.0893,16.5011,0
2.16092,1.52465,-1.70354,1.45,0.370225,-6.63342,0,-30.0893,16.5011,0
2.17092,1.52684,-1.76904,1.45,0.0693318,-6.46841,0,-30.0893,16.5011,0
2.18092,1.52603,-1.8329,1.45,-0.231561,-6.3034,0,-30.0893,16.5011,0
2.19092,1.52221,-1.89511,1.45,-0.532454,-6.13839,0,-30.0893,16.5011,0
2.20092,1.51538,-1.95567,1.45,-0.833347,-5.97338,0,-30.0893,16.5011,0
2.21092,1.50555,-2.01458,1.45,-1.13424,-5.80837,0,-30.0893,16.5011,0
2.22092,1.4927,-2.07184,1.45,-1.43513,-5.64336,0,-30.0893,16.5011,0
2.23092,1.47684,-2.12745,1.45,-1.73603,-5.47835,0,-30.0893,16.5011,0
2.24092,1.45798,-2.18141,1.45,-2.03692,-5.31334,0,-30.0893,16.5011,0
2.25092,1.43611,-2.23371,1.45,-2.33781,-5.14832,0,-30.0893,16.5011,0
2.26092,1.41122,-2.28437,1.45,-2.63871,-4.98331,0,-30.0893,16.5011,0
2.27092,1.38333,-2.33338,1.45,-2.9396,-4.8183,0,-30.0893,16.5011,0
2.28092,1.35243,-2.38074,1.45,-3.24049,-4.65329,0,-30.0893,16.5011,0
2.29092,1.31852,-2.42645,1.45,-3.54138,-4.48828,0,-30.0893,16.5011,0
2.30092,1.2816,-2.4705,1.45,-3.84228,-4.32327,0,-30.0893,16.5011,0
2.31092,1.24168,-2.51291,1.45,-4.14317,-4.15826,0,-30.0893,16.5011,0
2.32092,1.19874,-2.55367,1.45,-4.44406,-3.99325,0,-30.0893,16.5011,0
2.33092,1.15279,-2.59278,1.45,-4.74496,-3.82824,0,-30.0893,16.5011,0
2.34092,1.10384,-2.63023,1.45,-5.04585,-3.66323,0,-30.0893,16.5011,0
2.35092,1.05188,-2.66604,1.45,-5.34674,-3.49822,0,-30.0893,16.5011,0
2.36092,0.996906,-2.7002,1.45,-5.64764,-3.3332,0,-30.0893,16.5011,0
2.37092,0.938925,-2.7327,1.45,-5.94853,-3.16819,0,-30.0893,16.5011,0
2.38092,0.877935,-2.76356,1.45,-6.24942,-3.00318,0,-30.0893,16.5011,0
2.39092,0.813937,-2.79277,1.45,-6.55032,-2.83817,0,-30.0893,16.5011,0
2.40092,0.746929,-2.82033,1.45,-6.85121,-2.67316,0,-30.0893,16.5011,0
2.41092,0.676912,-2.84623,1.45,-7.1521,-2.50815,0,-30.0893,16.5011,0
2.42092,0.603887,-2.87049,1.45,-7.45299,-2.34314,0,-30.0893,16.5011,0
2.43092,0.527852,-2.89309,1.45,-7.75389,-2.17813,0,-30.0893,16.5011,0
2.44092,0.448809,-2.91405,1.45,-8.05478,-2.01312,0,-30.0893,16.5011,0
2.45092,0.366757,-2.93336,1.45,-8.35567,-1.84811,0,-30.0893,16.5011,0
2.46092,0.281804,-2.95101,1.45,-8.54214,-1.6831,0,30.0893,16.5011,0
2.47092,0.197888,-2.96702,1.45,-8.24124,-1.51809,0,30.0893,16.5011,0
2.48092,0.11698,-2.98137,1.45,-7.94035,-1.35307,0,30.0893,16.5011,0
2.49609,0,-3,1.45,-7.48395,-1.10278,0,-23.735,24.7847,0
2.50609,-0.0760262,-3.00979,1.45,-7.7213,-0.854935,0,-23.735,24.7847,0
2.51609,-0.154426,-3.0171,1.45,-7.95865,-0.607088,0,-23.735,24.7847,0
2.52609,-0.235199,-3.02193,1.45,-8.196,-0.35924,0,-23.735,24.7847,0
2.53609,-0.317027,-3.02428,1.45,-8.07943,-0.111393,0,23.735,24.7847,0
2.54609,-0.396634,-3.02416,1.45,-7.84208,0.136454,0,23.735,24.7847,0
2.55609,-0.473868,-3.02155,1.45,-7.60473,0.384302,0,23.735,24.7847,0
2.56609,-0.548729,-3.01647,1.45,-7.36738,0.632149,0,23.735,24.7847,0
2.57609,-0.621216,-3.00891,1.45,-7.13003,0.879996,0,23.735,24.7847,0
2.58609,-0.691329,-2.99887,1.45,-6.89268,1.12784,0,23.735,24.7847,0
2.59609,-0.75907,-2.98635,1.45,-6.65533,1.37569,0,23.735,24.7847,0
2.60609,-0.824436,-2.97136,1.45,-6.41798,1.62354,0,23.735,24.7847,0
2.61609,-0.887429,-2.95388,1.45,-6.18063,1.87139,0,23.735,24.7847,0
2.62609,-0.948049,-2.93393,1.45,-5.94328,2.11923,0,23.735,24.7847,0
2.63609,-1.00629,-2.9115,1.45,-5.70593,2.36708,0,23.735,24.7847,0
2.64609,-1.06217,-2.88659,1.45,-5.46858,2.61493,0,23.735,24.7847,0
2.65609,-1.11567,-2.8592,1.45,-5.23123,2.86277,0,23.735,24.7847,0
2.66609,-1.16679,-2.82933,1.45,-4.99388,3.11062,0,23.735,24.7847,0
2.67609,-1.21554,-2.79699,1.45,-4.75653,3.35847,0,23.735,24.7847,0
2.68609,-1.26192,-2.76216,1.45,-4.51918,3.60632,0,23.735,24.7847,0
2.69609,-1.30593,-2.72486,1.45,-4.28183,3.85416,0,23.735,24.7847,0
2.70609,-1.34756,-2.68508,1.45,-4.04448,4.10201,0,23.735,24.7847,0
2.71609,-1.38682,-2.64282,1.45,-3.80713,4.34986,0,23.735,24.7847,0
2.72609,-1.4237,-2.59814,1.45,-3.56978,4.52505,0,23.735,-24.7847,0
2.74924,-1.5,-2.5,1.45,-3.02017,3.95113,0,31.6763,13.1633,0
2.75924,-1.52862,-2.45983,1.45,-2.70341,4.08276,0,31.6763,13.1633,0
2.76924,-1.55407,-2.41834,1.45,-2.38665,4.2144,0,31.6763,13.1633,0
2.77924,-1.57635,-2.37554,1.45,-2.06988,4.34603,0,31.6763,13.1633,0
2.78924,-1.59547,-2.33142,1.45,-1.75312,4.47766,0,31.6763,13.1633,0
2.79924,-1.61141,-2.28599,1.45,-1.43636,4.6093,0,31.6763,13.1633,0
2.80924,-1.62419,-2.23924,1.45,-1.11959,4.74093,0,31.6763,13.1633,0
2.81924,-1.63381,-2.19117,1.45,-0.802832,4.87256,0,31.6763,13.1633,0
2.82924,-1.64025,-2.14179,1.45,-0.486069,5.00419,0,31.6763,13.1633,0
2.83924,-1.64353,-2.09109,1.45,-0.169307,5.13583,0,31.6763,13.1633,0
2.84924,-1.64364,-2.03907,1.45,0.147456,5.26746,0,31.6763,13.1633,0
2.85924,-1.64058,-1.98574,1.45,0.464219,5.39909,0,31.6763,13.1633,0
2.86924,-1.63435,-1.93109,1.45,0.780981,5.53073,0,31.6763,13.1633,0
2.87924,-1.62496,-1.87512,1.45,1.09774,5.66236,0,31.6763,13.1633,0
2.88924,-1.6124,-1.81784,1.45,1.41451,5.79399,0,31.6763,13.1633,0
2.89924,-1.59667,-1.75924,1.45,1.73127,5.92562,0,31.6763,13.1633,0
2.90924,-1.57777,-1.69933,1.45,2.04803,6.05726,0,31.6763,13.1633,0
2.91924,-1.55571,-1.6381,1.45,2.36479,6.18889,0,31.6763,13.1633,0
2.94112,-1.5,-1.5,1.45,2.38154,6.32306,0,33.0331,9.28479,0
2.95112,-1.47453,-1.43631,1.45,2.71187,6.41591,0,33.0331,9.28479,0
2.96112,-1.44576,-1.37168,1.45,3.0422,6.50876,0,33.0331,9.28479,0
2.97112,-1.41369,-1.30613,1.45,3.37253,6.60161,0,33.0331,9.28479,0
2.98112,-1.37831,-1.23965,1.45,3.70286,6.69445,0,33.0331,9.28479,0
2.99112,-1.33963,-1.17224,1.45,4.03319,6.7873,0,33.0331,9.28479,0
3.00112,-1.29765,-1.10429,1.45,4.36352,6.76046,0,33.0331,-9.28479,0
3.01112,-1.25236,-1.03715,1.45,4.69385,6.66761,0,33.0331,-9.28479,0
3.02112,-1.20377,-0.970937,1.45,5.02418,6.57476,0,33.0331,-9.28479,0
3.03112,-1.15188,-0.905654,1.45,5.35452,6.48192,0,33.0331,-9.28479,0
3.04112,-1.09668,-0.841299,1.45,5.68485,6.38907,0,33.0331,-9.28479,0
3.05112,-1.03818,-0.777872,1.45,6.01518,6.29622,0,33.0331,-9.28479,0
3.06112,-0.976377,-0.715374,1.45,6.34551,6.20337,0,33.0331,-9.28479,0
3.07112,-0.911271,-0.653805,1.45,6.67584,6.11052,0,33.0331,-9.28479,0
3.08112,-0.84286,-0.593164,1.45,7.00617,6.01768,0,33.0331,-9.28479,0
3.09112,-0.771147,-0.533451,1.45,7.3365,5.92483,0,33.0331,-9.28479,0
3.10112,-0.69613,-0.474667,1.45,7.66683,5.83198,0,33.0331,-9.28479,0
3.11112,-0.61781,-0.416812,1.45,7.99716,5.73913,0,33.0331,-9.28479,0
3.12112,-0.536187,-0.359885,1.45,8.32749,5.64628,0,33.0331,-9.28479,0
3.13112,-0.451261,-0.303886,1.45,8.65782,5.55344,0,33.0331,-9.28479,0
3.14112,-0.365045,-0.248816,1.45,8.47223,5.46059,0,-33.0331,-9.28479,0
3.15112,-0.281975,-0.194674,1.45,8.1419,5.36774,0,-33.0331,-9.28479,0
3.16112,-0.202207,-0.141461,1.45,7.81157,5.27489,0,-33.0331,-9.28479,0
3.17112,-0.125743,-0.0891766,1.45,7.48124,5.18204,0,-33.0331,-9.28479,0
3.1886,0,0,1.45,6.90373,5.01972,0,33.2209,-8.59335,0
3.1986,0.0706984,0.0497675,1.45,7.23594,4.93379,0,33.2209,-8.59335,0
3.2086,0.144719,0.0986758,1.45,7.56815,4.84785,0,33.2209,-8.59335,0
3.2186,0.222061,0.146725,1.45,7.90036,4.76192,0,33.2209,-8.59335,0
3.2286,0.302726,0.193914,1.45,8.23257,4.67599,0,33.2209,-8.59335,0
3.2386,0.386713,0.240244,1.45,8.56478,4.59005,0,33.2209,-8.59335,0
3.2486,0.471052,0.285715,1.45,8.26881,4.50412,0,-33.2209,-8.59335,0
3.2586,0.552079,0.330327,1.45,7.9366,4.41819,0,-33.2209,-8.59335,0
3.2686,0.629784,0.374079,1.45,7.60439,4.33225,0,-33.2209,-8.59335,0
3.2786,0.704167,0.416972,1.45,7.27218,4.24632,0,-33.2209,-8.59335,0
3.2886,0.775228,0.459005,1.45,6.93997,4.16039,0,-33.2209,-8.59335,0
3.2986,0.842966,0.50019,1.45,6.60776,4.09336,0,-33.2209,8.59335,0
3.3086,0.907383,0.541553,1.45,6.27555,4.17929,0,-33.2209,8.59335,0
3.3186,0.968477,0.583776,1.45,5.94334,4.26522,0,-33.2209,8.59335,0
3.3286,1.02625,0.626858,1.45,5.61113,4.35116,0,-33.2209,8.59335,0
3.3386,1.0807,0.670799,1.45,5.27893,4.43709,0,-33.2209,8.59335,0
3.3486,1.13183,0.7156,1.45,4.94672,4.52302,0,-33.2209,8.59335,0
3.3586,1.17963,0.761259,1.45,4.61451,4.60896,0,-33.2209,8.59335,0
3.3686,1.22412,0.807779,1.45,4.2823,4.69489,0,-33.2209,8.59335,0
3.3786,1.26528,0.855157,1.45,3.95009,4.78082,0,-33.2209,8.59335,0
3.3886,1.30312,0.903395,1.45,3.61788,4.86676,0,-33.2209,8.59335,0
3.3986,1.33764,0.952492,1.45,3.28567,4.95269,0,-33.2209,8.59335,0
3.4086,1.36883,1.00245,1.45,2.95346,5.03862,0,-33.2209,8.59335,0
3.4186,1.39671,1.05326,1.45,2.62125,5.12456,0,-33.2209,8.59335,0
3.4286,1.42126,1.10494,1.45,2.28904,5.21049,0,-33.2209,8.59335,0
3.4386,1.44249,1.15747,1.45,1.95683,5.29643,0,-33.2209,8.59335,0
3.4486,1.4604,1.21087,1.45,1.62462,5.38236,0,-33.2209,8.59335,0
3.4586,1.47498,1.26512,1.45,1.29241,5.46829,0,-33.2209,8.59335,0
3.4686,1.48624,1.32023,1.45,0.960203,5.55423,0,-33.2209,8.59335,0
3.4786,1.49418,1.37621,1.45,0.627994,5.64016,0,-33.2209,8.59335,0
3.5002,1.5,1.5,1.45,-0.0893586,5.82572,0,-23.2558,25.2317,0
3.5102,1.49794,1.55952,1.45,-0.321916,6.07804,0,-23.2558,25.2317,0
3.5202,1.49356,1.62156,1.45,-0.554474,6.33035,0,-23.2558,25.2317,0
3.5302,1.48685,1.68613,1.45,-0.787031,6.58267,0,-23.2558,25.2317,0
3.5402,1.47782,1.75321,1.45,-1.01959,6.83499,0,-23.2558,25.2317,0
3.5502,1.46646,1.82283,1.45,-1.25215,7.0873,0,-23.2558,25.2317,0
3.5602,1.45278,1.89496,1.45,-1.4847,7.33962,0,-23.2558,25.2317,0
3.5702,1.43677,1.96825,1.45,-1.71726,7.22032,0,-23.2558,-25.2317,0
3.5802,1.41843,2.03919,1.45,-1.94982,6.968,0,-23.2558,-25.2317,0
3.5902,1.39777,2.10761,1.45,-2.18238,6.71568,0,-23.2558,-25.2317,0
3.6002,1.37479,2.1735,1.45,-2.41493,6.46337,0,-23.2558,-25.2317,0
3.6102,1.34947,2.23688,1.45,-2.64749,6.21105,0,-23.2558,-25.2317,0
3.6202,1.32184,2.29773,1.45,-2.88005,5.95873,0,-23.2558,-25.2317,0
3.6302,1.29187,2.35605,1.45,-3.11261,5.70642,0,-23.2558,-25.2317,0
3.6402,1.25958,2.41185,1.45,-3.34516,5.4541,0,-23.2558,-25.2317,0
3.6502,1.22497,2.46513,1.45,-3.57772,5.20178,0,-23.2558,-25.2317,0
3.6602,1.18803,2.51589,1.45,-3.81028,4.94947,0,-23.2558,-25.2317,0
3.6702,1.14876,2.56412,1.45,-4.04284,4.69715,0,-23.2558,-25.2317,0
3.6802,1.10717,2.60983,1.45,-4.27539,4.44483,0,-23.2558,-25.2317,0
3.6902,1.06326,2.65302,1.45,-4.50795,4.19251,0,-23.2558,-25.2317,0
3.7002,1.01701,2.69368,1.45,-4.74051,3.9402,0,-23.2558,-25.2317,0
3.7102,0.968445,2.73182,1.45,-4.97307,3.68788,0,-23.2558,-25.2317,0
3.7202,0.917552,2.76744,1.45,-5.20562,3.43556,0,-23.2558,-25.2317,0
3.7302,0.864333,2.80053,1.45,-5.43818,3.18325,0,-23.2558,-25.2317,0
3.7402,0.808788,2.83111,1.45,-5.67074,2.93093,0,-23.2558,-25.2317,0
3.7502,0.750918,2.85915,1.45,-5.9033,2.67861,0,-23.2558,-25.2317,0
3.7602,0.690722,2.88468,1.45,-6.13585,2.4263,0,-23.2558,-25.2317,0
3.7702,0.628201,2.90768,1.45,-6.36841,2.17398,0,-23.2558,-25.2317,0
3.7802,0.563354,2.92816,1.45,-6.60097,1.92166,0,-23.2558,-25.2317,0
3.7902,0.496182,2.94611,1.45,-6.83353,1.66935,0,-23.2558,-25.2317,0
3.8002,0.426684,2.96154,1.45,-7.06608,1.41703,0,-23.2558,-25.2317,0
3.8102,0.356062,2.97445,1.45,-6.96418,1.16471,0,23.2558,-25.2317,0
3.8202,0.287583,2.98484,1.45,-6.73162,0.912395,0,23.2558,-25.2317,0
3.8302,0.22143,2.9927,1.45,-6.49906,0.660078,0,23.2558,-25.2317,0
3.8402,0.157602,2.99804,1.45,-6.2665,0.407761,0,23.2558,-25.2317,0
3.86664,0,3,1.45,-5.65144,-0.259563,0,-28.7153,-18.7848,0
3.87664,-0.0579502,2.99647,1.45,-5.93859,-0.447412,0,-28.7153,-18.7848,0
3.88664,-0.118772,2.99105,1.45,-6.22575,-0.63526,0,-28.7153,-18.7848,0
3.89664,-0.182465,2.98376,1.45,-6.5129,-0.823108,0,-28.7153,-18.7848,0
3.90664,-0.24903,2.97459,1.45,-6.80005,-1.01096,0,-28.7153,-18.7848,0
3.91664,-0.318466,2.96354,1.45,-7.0872,-1.19881,0,-28.7153,-18.7848,0
3.92664,-0.390774,2.95061,1.45,-7.37436,-1.38665,0,-28.7153,-18.7848,0
3.93664,-0.465953,2.93581,1.45,-7.66151,-1.5745,0,-28.7153,-18.7848,0
3.94664,-0.542464,2.91912,1.45,-7.52805,-1.76235,0,28.7153,-18.7848,0
3.95664,-0.616308,2.90056,1.45,-7.24089,-1.9502,0,28.7153,-18.7848,0
3.96664,-0.687282,2.88012,1.45,-6.95374,-2.13805,0,28.7153,-18.7848,0
3.97664,-0.755383,2.8578,1.45,-6.66659,-2.3259,0,28.7153,-18.7848,0
3.98664,-0.820613,2.8336,1.45,-6.37943,-2.51374,0,28.7153,-18.7848,0
3.99664,-0.882972,2.80752,1.45,-6.09228,-2.70159,0,28.7153,-18.7848,0
4.00664,-0.942459,2.77957,1.45,-5.80513,-2.88944,0,28.7153,-18.7848,0
4.01664,-0.999075,2.74974,1.45,-5.51798,-3.07729,0,28.7153,-18.7848,0
4.02664,-1.05282,2.71802,1.45,-5.23082,-3.26514,0,28.7153,-18.7848,0
4.03664,-1.10369,2.68443,1.45,-4.94367,-3.45299,0,28.7153,-18.7848,0
4.04664,-1.15169,2.64896,1.45,-4.65652,-3.64083,0,28.7153,-18.7848,0
4.05664,-1.19682,2.61162,1.45,-4.36936,-3.82868,0,28.7153,-18.7848,0
4.06664,-1.23908,2.57239,1.45,-4.08221,-4.01653,0,28.7153,-18.7848,0
4.07664,-1.27847,2.53129,1.45,-3.79506,-4.20438,0,28.7153,-18.7848,0
4.08664,-1.31498,2.4883,1.45,-3.50791,-4.39223,0,28.7153,-18.7848,0
4.09664,-1.34862,2.44344,1.45,-3.22075,-4.58008,0,28.7153,-18.7848,0
4.10664,-1.3794,2.3967,1.45,-2.9336,-4.76792,0,28.7153,-18.7848,0
4.11664,-1.4073,2.34808,1.45,-2.64645,-4.95577,0,28.7153,-18.7848,0
4.12664,-1.43232,2.29759,1.45,-2.35929,-5.14362,0,28.7153,-18.7848,0
4.13664,-1.45448,2.24521,1.45,-2.07214,-5.33147,0,28.7153,-18.7848,0
4.14664,-1.47377,2.19096,1.45,-1.78499,-5.51932,0,28.7153,-18.7848,0
4.15664,-1.49018,2.13482,1.45,-1.49783,-5.70717,0,28.7153,-18.7848,0
4.16664,-1.50372,2.07681,1.45,-1.21068,-5.89501,0,28.7153,-18.7848,0
4.17664,-1.51439,2.01692,1.45,-0.923529,-6.08286,0,28.7153,-18.7848,0
4.18664,-1.52219,1.95516,1.45,-0.636376,-6.27071,0,28.7153,-18.7848,0
4.19664,-1.52712,1.89151,1.45,-0.349223,-6.45856,0,28.7153,-18.7848,0
4.20664,-1.52918,1.82598,1.45,-0.0620704,-6.64641,0,28.7153,-18.7848,0
4.21664,-1.52836,1.75858,1.45,0.225083,-6.83426,0,28.7153,-18.7848,0
4.22664,-1.52468,1.6893,1.45,0.512235,-7.0221,0,28.7153,-18.7848,0
4.25394,-1.5,1.5,1.45,1.296,-6.69616,0,33.3469,-8.07389,0
4.26394,-1.48537,1.43342,1.45,1.62947,-6.61722,0,33.3469,8.07389,0
4.27394,-1.46741,1.36766,1.45,1.96294,-6.53648,0,33.3469,8.07389,0
4.28394,-1.44611,1.30269,1.45,2.29641,-6.45574,0,33.3469,8.07389,0
4.29394,-1.42148,1.23854,1.45,2.62987,-6.375,0,33.3469,8.07389,0
4.30394,-1.39352,1.17519,1.45,2.96334,-6.29426,0,33.3469,8.07389,0
4.31394,-1.36222,1.11266,1.45,3.29681,-6.21352,0,33.3469,8.07389,0
4.32394,-1.32758,1.05092,1.45,3.63028,-6.13279,0,33.3469,8.07389,0
4.33394,-1.28961,0.99,1.45,3.96375,-6.05205,0,33.3469,8.07389,0
4.34394,-1.24831,0.929883,1.45,4.29722,-5.97131,0,33.3469,8.07389,0
4.35394,-1.20367,0.870574,1.45,4.63069,-5.89057,0,33.3469,8.07389,0
4.36394,-1.15569,0.812072,1.45,4.96416,-5.80983,0,33.3469,8.07389,0
4.37394,-1.10438,0.754377,1.45,5.29763,-5.72909,0,33.3469,8.07389,0
4.38394,-1.04974,0.69749,1.45,5.63109,-5.64835,0,33.3469,8.07389,0
4.39394,-0.991761,0.64141,1.45,5.96456,-5.56761,0,33.3469,8.07389,0
4.40394,-0.930448,0.586138,1.45,6.29803,-5.48687,0,33.3469,8.07389,0
4.41394,-0.8658,0.531673,1.45,6.6315,-5.40614,0,33.3469,8.07389,0
4.42394,-0.797818,0.478015,1.45,6.96497,-5.3254,0,33.3469,8.07389,0
4.43394,-0.726501,0.425165,1.45,7.29844,-5.24466,0,33.3469,8.07389,0
4.44394,-0.651849,0.373122,1.45,7.63191,-5.16392,0,33.3469,8.07389,0
4.45394,-0.573862,0.321886,1.45,7.96538,-5.08318,0,33.3469,8.07389,0
4.46394,-0.492541,0.271458,1.45,8.29885,-5.00244,0,33.3469,8.07389,0
4.47394,-0.407885,0.221838,1.45,8.63232,-4.9217,0,33.3469,8.07389,0
4.48394,-0.319895,0.173024,1.45,8.96578,-4.84096,0,33.3469,8.07389,0
4.49394,-0.229329,0.125018,1.45,8.98106,-4.76022,0,-33.3469,8.07389,0
4.52081,0,0,1.45,8.08484,-4.54323,0,33.3512,8.0887,0
4.53081,0.082516,-0.0456797,1.45,8.41836,-4.60757,0,33.3512,-8.0887,0
4.54081,0.168367,-0.0921598,1.45,8.75187,-4.68845,0,33.3512,-8.0887,0
4.55081,0.257553,-0.139449,1.45,9.08538,-4.76934,0,33.3512,-8.0887,0
4.56081,0.347724,-0.187547,1.45,8.85889,-4.85023,0,-33.3512,-8.0887,0
4.57081,0.434645,-0.236453,1.45,8.52538,-4.93111,0,-33.3512,-8.0887,0
4.58081,0.518232,-0.286169,1.45,8.19187,-5.012,0,-33.3512,-8.0887,0
4.59081,0.598483,-0.336693,1.45,7.85836,-5.09289,0,-33.3512,-8.0887,0
4.60081,0.675399,-0.388027,1.45,7.52485,-5.17377,0,-33.3512,-8.0887,0
4.61081,0.74898,-0.440169,1.45,7.19133,-5.25466,0,-33.3512,-8.0887,0
4.62081,0.819225,-0.49312,1.45,6.85782,-5.33555,0,-33.3512,-8.0887,0
4.63081,0.886136,-0.54688,1.45,6.52431,-5.41643,0,-33.3512,-8.0887,0
4.64081,0.949712,-0.601448,1.45,6.1908,-5.49732,0,-33.3512,-8.0887,0
4.65081,1.00995,-0.656826,1.45,5.85729,-5.57821,0,-33.3512,-8.0887,0
4.66081,1.06686,-0.713013,1.45,5.52377,-5.6591,0,-33.3512,-8.0887,0
4.67081,1.12043,-0.770008,1.45,5.19026,-5.73998,0,-33.3512,-8.0887,0
4.68081,1.17066,-0.827812,1.45,4.85675,-5.82087,0,-33.3512,-8.0887,0
4.69081,1.21756,-0.886425,1.45,4.52324,-5.90176,0,-33.3512,-8.0887,0
4.70081,1.26113,-0.945847,1.45,4.18973,-5.98264,0,-33.3512,-8.0887,0
4.71081,1.30136,-1.00608,1.45,3.85621,-6.06353,0,-33.3512,-8.0887,0
4.72081,1.33825,-1.06712,1.45,3.5227,-6.14442,0,-33.3512,-8.0887,0
4.73081,1.37181,-1.12897,1.45,3.18919,-6.2253,0,-33.3512,-8.0887,0
4.74081,1.40204,-1.19162,1.45,2.85568,-6.30619,0,-33.3512,-8.0887,0
4.75081,1.42892,-1.25509,1.45,2.52217,-6.38708,0,-33.3512,-8.0887,0
4.76081,1.45248,-1.31937,1.45,2.18865,-6.46797,0,-33.3512,-8.0887,0
4.78827,1.5,-1.5,1.45,1.27296,-6.69005,0,-30.1101,-16.464,0
4.79827,1.51122,-1.56772,1.45,0.971858,-6.85469,0,-30.1101,-16.464,0
4.80827,1.51944,-1.6363,1.45,0.670757,-6.79116,0,-30.1101,16.464,0
4.81827,1.52464,-1.70339,1.45,0.369657,-6.62652,0,-30.1101,16.464,0
4.82827,1.52683,-1.76883,1.45,0.0685559,-6.46188,0,-30.1101,16.464,0
4.83827,1.52601,-1.83263,1.45,-0.232545,-6.29724,0,-30.1101,16.464,0
4.84827,1.52218,-1.89478,1.45,-0.533646,-6.1326,0,-30.1101,16.464,0
4.85827,1.51534,-1.95528,1.45,-0.834746,-5.96796,0,-30.1101,16.464,0
4.86827,1.50548,-2.01414,1.45,-1.13585,-5.80332,0,-30.1101,16.464,0
4.87827,1.49262,-2.07135,1.45,-1.43695,-5.63868,0,-30.1101,16.464,0
4.88827,1.47675,-2.12691,1.45,-1.73805,-5.47404,0,-30.1101,16.464,0
4.89827,1.45786,-2.18083,1.45,-2.03915,-5.3094,0,-30.1101,16.464,0
4.90827,1.43596,-2.2331,1.45,-2.34025,-5.14476,0,-30.1101,16.464,0
4.91827,1.41105,-2.28372,1.45,-2.64135,-4.98012,0,-30.1101,16.464,0
4.92827,1.38314,-2.3327,1.45,-2.94245,-4.81548,0,-30.1101,16.464,0
4.93827,1.35221,-2.38003,1.45,-3.24355,-4.65084,0,-30.1101,16.464,0
4.94827,1.31826,-2.42572,1.45,-3.54465,-4.4862,0,-30.1101,16.464,0
4.95827,1.28131,-2.46976,1.45,-3.84575,-4.32157,0,-30.1101,16.464,0
4.96827,1.24135,-2.51215,1.45,-4.14685,-4.15693,0,-30.1101,16.464,0
4.97827,1.19838,-2.5529,1.45,-4.44796,-3.99229,0,-30.1101,16.464,0
4.98827,1.15239,-2.592,1.45,-4.74906,-3.82765,0,-30.1101,16.464,0
4.99827,1.10339,-2.62945,1.45,-5.05016,-3.66301,0,-30.1101,16.464,0
5.00827,1.05139,-2.66526,1.45,-5.35126,-3.49837,0,-30.1101,16.464,0
5.01827,0.996369,-2.69942,1.45,-5.65236,-3.33373,0,-30.1101,16.464,0
5.02827,0.93834,-2.73193,1.45,-5.95346,-3.16909,0,-30.1101,16.464,0
5.03827,0.8773,-2.7628,1.45,-6.25456,-3.00445,0,-30.1101,16.464,0
5.04827,0.813249,-2.79202,1.45,-6.55566,-2.83981,0,-30.1101,16.464,0
5.05827,0.746187,-2.81959,1.45,-6.85676,-2.67517,0,-30.1101,16.464,0
5.06827,0.676114,-2.84552,1.45,-7.15786,-2.51053,0,-30.1101,16.464,0
5.07827,0.603029,-2.86981,1.45,-7.45896,-2.34589,0,-30.1101,16.464,0
5.08827,0.526934,-2.89244,1.45,-7.76006,-2.18125,0,-30.1101,16.464,0
5.09827,0.447828,-2.91343,1.45,-8.06116,-2.01661,0,-30.1101,16.464,0
5.10827,0.365711,-2.93277,1.45,-8.36227,-1.85197,0,-30.1101,16.464,0
5.11827,0.280968,-2.95047,1.45,-8.4481,-1.68733,0,30.1101,16.464,0
5.12827,0.197992,-2.96652,1.45,-8.147,-1.52269,0,30.1101,16.464,0
5.15378,0,-3,1.45,-7.37906,-1.10278,0,-25.1503,23.3424,0
5.16378,-0.0750481,-3.00986,1.45,-7.63056,-0.869358,0,-25.1503,23.3424,0
5.17378,-0.152611,-3.01739,1.45,-7.88206,-0.635933,0,-25.1503,23.3424,0
5.18378,-0.232469,-3.02258,1.45,-7.98483,-0.402509,0,25.1503,23.3424,0
5.19378,-0.31106,-3.02544,1.45,-7.73332,-0.169084,0,25.1503,23.3424,0
5.20378,-0.387136,-3.02596,1.45,-7.48182,0.06434,0,25.1503,23.3424,0
5.21378,-0.460697,-3.02415,1.45,-7.23032,0.297764,0,25.1503,23.3424,0
5.22378,-0.531742,-3.02001,1.45,-6.97882,0.531189,0,25.1503,23.3424,0
5.23378,-0.600273,-3.01353,1.45,-6.72731,0.764613,0,25.1503,23.3424,0
5.24378,-0.666289,-3.00471,1.45,-6.47581,0.998038,0,25.1503,23.3424,0
5.25378,-0.729789,-2.99357,1.45,-6.22431,1.23146,0,25.1503,23.3424,0
5.26378,-0.790775,-2.98008,1.45,-5.97281,1.46489,0,25.1503,23.3424,0
5.27378,-0.849245,-2.96427,1.45,-5.7213,1.69831,0,25.1503,23.3424,0
5.28378,-0.905201,-2.94612,1.45,-5.4698,1.93174,0,25.1503,23.3424,0
5.29378,-0.958641,-2.92563,1.45,-5.2183,2.16516,0,25.1503,23.3424,0
5.30378,-1.00957,-2.90281,1.45,-4.96679,2.39858,0,25.1503,23.3424,0
5.31378,-1.05798,-2.87766,1.45,-4.71529,2.63201,0,25.1503,23.3424,0
5.32378,-1.10387,-2.85017,1.45,-4.46379,2.86543,0,25.1503,23.3424,0
5.33378,-1.14725,-2.82035,1.45,-4.21229,3.09886,0,25.1503,23.3424,0
5.34378,-1.18812,-2.7882,1.45,-3.96078,3.33228,0,25.1503,23.3424,0
5.35378,-1.22647,-2.75387,1.45,-3.70928,3.44266,0,25.1503,-23.3424,0
5.36378,-1.2623,-2.72061,1.45,-3.45778,3.20923,0,25.1503,-23.3424,0
5.37378,-1.29562,-2.68969,1.45,-3.20628,2.97581,0,25.1503,-23.3424,0
5.38378,-1.32643,-2.66109,1.45,-2.95477,2.74238,0,25.1503,-23.3424,0
5.39378,-1.35472,-2.63484,1.45,-2.70327,2.50896,0,25.1503,-23.3424,0
5.40378,-1.38049,-2.61091,1.45,-2.45177,2.27553,0,25.1503,-23.3424,0
5.41378,-1.40376,-2.58933,1.45,-2.20027,2.04211,0,25.1503,-23.3424,0
5.42378,-1.4245,-2.57007,1.45,-1.94876,1.80868,0,25.1503,-23.3424,0
5.43378,-1.44273,-2.55315,1.45,-1.69726,1.57526,0,25.1503,-23.3424,0
5.44378,-1.45845,-2.53857,1.45,-1.44576,1.34184,0,25.1503,-23.3424,0
5.45378,-1.47165,-2.52632,1.45,-1.19426,1.10841,0,25.1503,-23.3424,0
5.46378,-1.48233,-2.5164,1.45,-0.942753,0.874987,0,25.1503,-23.3424,0
5.47378,-1.4905,-2.50882,1.45,-0.69125,0.641563,0,25.1503,-23.3424,0
5.48378,-1.49616,-2.50357,1.45,-0.439748,0.408138,0,25.1503,-23.3424,0
5.50126,-1.5,-2.5,1.45,0,0,0,25.1503,-23.3424,0