t,p_x,p_y,p_z,q_w,q_x,q_y,q_z,v_x,v_y,v_z,w_x,w_y,w_z,a_lin_x,a_lin_y,a_lin_z,a_rot_x,a_rot_y,a_rot_z,u_1,u_2,u_3,u_4,jerk_x,jerk_y,jerk_z,snap_x,snap_y,snap_z
0,0,0,1.5,-0,0,-6.1409e-10,1,0,0,0,0,0,0,0,0,-6.8066,0,0,0,-0.072093,1.8871,1.8871,-0.072093,0,0,0,201.87,-2.4823e-07,110.2
0.01,8.3363e-08,-1.0239e-16,1.4997,1.0142e-12,0.0016543,-6.1409e-10,1,3.3271e-05,-4.085e-14,-0.068048,-1.4991e-12,0.65559,-1.3843e-15,0.009944,-1.2203e-11,-6.8012,0,0,0,-0.016837,1.8351,1.8351,-0.016837,1.9739,-2.4199e-09,1.0835,192.95,-2.3578e-07,106.5
0.02,1.3219e-06,-1.6216e-15,1.4986,3.9696e-12,0.0064837,-6.1238e-10,0.99998,0.0002632,-3.2266e-13,-0.13599,-3.5284e-12,1.268,-2.1512e-14,0.039184,-4.7986e-11,-6.7851,0,0,0,0.059831,1.7684,1.7684,0.059831,3.8595,-4.7165e-09,2.1303,184.2,-2.2359e-07,102.86
0.03,6.6324e-06,-8.1257e-15,1.4969,8.7006e-12,0.014242,-6.1109e-10,0.9999,0.00087836,-1.0751e-12,-0.20371,-7.8387e-12,1.8256,-1.0502e-13,0.086846,-1.0613e-10,-6.7587,0,0,0,0.15535,1.6894,1.6894,0.15535,5.6584,-6.8924e-09,3.1409,175.6,-2.1164e-07,99.279
0.04,2.0774e-05,-2.5419e-14,1.4946,1.5013e-11,0.02463,-6.0972e-10,0.9997,0.0020587,-2.5158e-12,-0.27113,-1.371e-11,2.3188,-3.1779e-13,0.15207,-1.8544e-10,-6.7224,0,0,0,0.26701,1.6012,1.6012,0.26701,7.3721,-8.9501e-09,4.116,167.17,-1.9995e-07,95.747
0.05,5.0261e-05,-6.1423e-14,1.4915,2.2687e-11,0.037302,-6.0821e-10,0.9993,0.0039755,-4.8506e-12,-0.33813,-2.0997e-11,2.74,-7.3761e-13,0.23401,-2.8475e-10,-6.6765,0,0,0,0.3917,1.5073,1.5073,0.3917,9.0024,-1.0892e-08,5.056,158.9,-1.885e-07,92.268
0.06,0.00010328,-1.2606e-13,1.4878,3.148e-11,0.05188,-6.0654e-10,0.99865,0.0067918,-8.2736e-12,-0.40463,-2.9525e-11,3.0839,-1.444e-12,0.33184,-4.0291e-10,-6.6213,0,0,0,0.52576,1.4117,1.4117,0.52576,10.551,-1.2721e-08,5.9616,150.78,-1.773e-07,88.842
0.07,0.00018961,-2.3113e-13,1.4834,4.1145e-11,0.067964,-6.0466e-10,0.99769,0.010663,-1.2968e-11,-0.47053,-3.9098e-11,3.3483,-2.5082e-12,0.44475,-5.388e-10,-6.5573,0,0,0,0.66508,1.319,1.319,0.66508,12.018,-1.4439e-08,6.8331,142.82,-1.6635e-07,85.468
0.08,0.00032054,-3.9023e-13,1.4784,5.1427e-11,0.085151,-6.0257e-10,0.99637,0.015735,-1.9105e-11,-0.53574,-4.9503e-11,3.5338,-3.9854e-12,0.57195,-6.9133e-10,-6.4848,0,0,0,0.80537,1.2339,1.2339,0.80537,13.408,-1.6049e-08,7.6711,135.02,-1.5563e-07,82.146
0.09,0.00050877,-6.1858e-13,1.4727,6.2086e-11,0.10305,-6.0024e-10,0.99468,0.022147,-2.6846e-11,-0.6002,-6.0522e-11,3.6443,-5.9087e-12,0.71265,-8.5942e-10,-6.404,0,0,0,0.9426,1.1606,1.1606,0.9426,14.719,-1.7553e-08,8.4762,127.37,-1.4516e-07,78.876
0.1,0.00076838,-9.33e-13,1.4664,7.2894e-11,0.12128,-5.9769e-10,0.99262,0.03003,-3.6342e-11,-0.6638,-7.1945e-11,3.6861,-8.2873e-12,0.86608,-1.042e-09,-6.3154,0,0,0,1.0734,1.1028,1.1028,1.0734,15.955,-1.8953e-08,9.2488,119.87,-1.3493e-07,75.658
0.11,0.0011147,-1.3517e-12,1.4594,8.3652e-11,0.13953,-5.9493e-10,0.99022,0.039508,-4.7732e-11,-0.72648,-8.3575e-11,3.6675,-1.1107e-11,1.0315,-1.2381e-09,-6.2192,0,0,0,1.1955,1.0628,1.0628,1.1955,17.117,-2.0252e-08,9.9895,112.52,-1.2493e-07,72.49
0.12,0.0015642,-1.8944e-12,1.4519,9.4191e-11,0.15752,-5.9199e-10,0.98752,0.050698,-6.1146e-11,-0.78816,-9.5243e-11,3.5983,-1.4334e-11,1.2082,-1.4467e-09,-6.1157,0,0,0,1.3076,1.042,1.042,1.3076,18.206,-2.1452e-08,10.699,105.32,-1.1516e-07,69.374
0.13,0.0021347,-2.5818e-12,1.4437,1.0437e-10,0.175,-5.889e-10,0.98457,0.063707,-7.6705e-11,-0.84877,-1.068e-10,3.4885,-1.792e-11,1.3954,-1.6669e-09,-6.0053,0,0,0,1.4095,1.0404,1.0404,1.4095,19.224,-2.2556e-08,11.377,98.278,-1.0563e-07,66.308
0.14,0.0028448,-3.436e-12,1.4349,1.1409e-10,0.19181,-5.857e-10,0.98143,0.078638,-9.4519e-11,-0.90824,-1.1814e-10,3.348,-2.1807e-11,1.5924,-1.8975e-09,-5.8883,0,0,0,1.5019,1.057,1.057,1.5019,20.172,-2.3565e-08,12.025,91.379,-9.6321e-08,63.292
0.15,0.0037142,-4.48e-12,1.4255,1.2328e-10,0.20782,-5.8242e-10,0.97817,0.095586,-1.1469e-10,-0.96651,-1.2918e-10,3.1858,-2.5934e-11,1.7986,-2.1379e-09,-5.7649,0,0,0,1.5862,1.0903,1.0903,1.5862,21.052,-2.4483e-08,12.643,84.628,-8.7245e-08,60.326
0.16,0.0047635,-5.7379e-12,1.4156,1.3188e-10,0.22295,-5.7911e-10,0.97483,0.11464,-1.3731e-10,-1.0235,-1.3986e-10,3.0098,-3.0241e-11,2.0133,-2.3869e-09,-5.6355,0,0,0,1.6639,1.1382,1.1382,1.6639,21.865,-2.5311e-08,13.232,78.022,-7.8393e-08,57.41
0.17,0.0060143,-7.2346e-12,1.4051,1.3988e-10,0.23715,-5.7579e-10,0.97147,0.13588,-1.6245e-10,-1.0792,-1.5014e-10,2.8266,-3.4672e-11,2.2357,-2.6438e-09,-5.5004,0,0,0,1.7369,1.1985,1.1985,1.7369,22.613,-2.6052e-08,13.791,71.56,-6.9766e-08,54.542
0.18,0.0074886,-8.9957e-12,1.394,1.4727e-10,0.25041,-5.7249e-10,0.96814,0.15938,-1.902e-10,-1.1335,-1.6002e-10,2.6415,-3.9177e-11,2.4653,-2.9077e-09,-5.3598,0,0,0,1.8068,1.2693,1.2693,1.8068,23.297,-2.6707e-08,14.323,65.242,-6.136e-08,51.724
0.19,0.0092096,-1.1048e-11,1.3824,1.5405e-10,0.26273,-5.6924e-10,0.96487,0.18521,-2.2063e-10,-1.1864,-1.6948e-10,2.4585,-4.3713e-11,2.7014,-3.1777e-09,-5.214,0,0,0,1.8751,1.3485,1.3485,1.8751,23.918,-2.728e-08,14.826,59.067,-5.3173e-08,48.954
0.2,0.011201,-1.3417e-11,1.3703,1.6024e-10,0.27414,-5.6604e-10,0.96169,0.21343,-2.5378e-10,-1.2378,-1.7856e-10,2.2806,-4.8245e-11,2.9435,-3.453e-09,-5.0633,0,0,0,1.9429,1.4344,1.4344,1.9429,24.479,-2.7771e-08,15.302,53.032,-4.5204e-08,46.233
0.21,0.013486,-1.6132e-11,1.3576,1.6587e-10,0.28468,-5.6292e-10,0.95862,0.24409,-2.897e-10,-1.2876,-1.8725e-10,2.1098,-5.2745e-11,3.1908,-3.7328e-09,-4.908,0,0,0,2.0112,1.5257,1.5257,2.0112,24.98,-2.8184e-08,15.751,47.137,-3.745e-08,43.559
0.22,0.016091,-1.9221e-11,1.3445,1.7096e-10,0.29438,-5.5988e-10,0.95569,0.27726,-3.2844e-10,-1.3359,-1.9559e-10,1.9474,-5.7192e-11,3.4429,-4.0164e-09,-4.7484,0,0,0,2.0808,1.6211,1.6211,2.0808,25.422,-2.8521e-08,16.173,41.381,-2.991e-08,40.934
0.23,0.01904,-2.2711e-11,1.3309,1.7555e-10,0.30331,-5.5693e-10,0.95289,0.31296,-3.7004e-10,-1.3826,-2.0361e-10,1.7941,-6.1571e-11,3.6991,-4.303e-09,-4.5847,0,0,0,2.152,1.7196,1.7196,2.152,25.808,-2.8783e-08,16.57,35.762,-2.2581e-08,38.355
0.24,0.022359,-2.6631e-11,1.3169,1.7967e-10,0.3115,-5.5408e-10,0.95025,0.35125,-4.1451e-10,-1.4276,-2.1132e-10,1.6504,-6.5869e-11,3.9588,-4.5918e-09,-4.4171,0,0,0,2.2252,1.8206,1.8206,2.2252,26.138,-2.8973e-08,16.941,30.28,-1.5461e-08,35.824
0.25,0.026074,-3.1011e-11,1.3024,1.8335e-10,0.31901,-5.5133e-10,0.94775,0.39215,-4.6188e-10,-1.4709,-2.1877e-10,1.5161,-7.0081e-11,4.2216,-4.8822e-09,-4.2459,0,0,0,2.3006,1.9233,1.9233,2.3006,26.414,-2.9093e-08,17.286,24.933,-8.548e-09,33.339
0.26,0.030211,-3.5878e-11,1.2875,1.8662e-10,0.32588,-5.4867e-10,0.94541,0.43569,-5.1216e-10,-1.5125,-2.2596e-10,1.3911,-7.4203e-11,4.4869,-5.1735e-09,-4.0714,0,0,0,2.3782,2.0273,2.0273,2.3782,26.637,-2.9145e-08,17.608,19.72,-1.8404e-09,30.9
0.27,0.034796,-4.1263e-11,1.2721,1.8951e-10,0.33217,-5.461e-10,0.94322,0.4819,-5.6535e-10,-1.5523,-2.3295e-10,1.275,-7.8234e-11,4.7542,-5.4649e-09,-3.8939,0,0,0,2.4579,2.1322,2.1322,2.4579,26.809,-2.9131e-08,17.905,14.64,4.664e-09,28.508
0.28,0.039857,-4.7195e-11,1.2564,1.9204e-10,0.33792,-5.4363e-10,0.94117,0.53078,-6.2146e-10,-1.5904,-2.3973e-10,1.1672,-8.2174e-11,5.0229,-5.7559e-09,-3.7134,0,0,0,2.5397,2.2378,2.2378,2.5397,26.93,-2.9052e-08,18.178,9.691,1.0967e-08,26.161
0.29,0.045421,-5.3702e-11,1.2403,1.9425e-10,0.34317,-5.4125e-10,0.93927,0.58236,-6.8046e-10,-1.6266,-2.4635e-10,1.0674,-8.6027e-11,5.2926,-6.0457e-09,-3.5304,0,0,0,2.6234,2.3436,2.3436,2.6234,27.003,-2.8912e-08,18.428,4.8727,1.7072e-08,23.86
0.3,0.051514,-6.0814e-11,1.2239,1.9615e-10,0.34796,-5.3896e-10,0.93751,0.63664,-7.4236e-10,-1.661,-2.5282e-10,0.97485,-8.9794e-11,5.5628,-6.3339e-09,-3.3449,0,0,0,2.7088,2.4496,2.4496,2.7088,27.028,-2.8712e-08,18.655,0.18371,2.2979e-08,21.604
0.31,0.058163,-6.8559e-11,1.2071,1.9777e-10,0.35232,-5.3676e-10,0.93588,0.69361,-8.0713e-10,-1.6935,-2.5916e-10,0.88914,-9.3482e-11,5.8331,-6.6198e-09,-3.1573,0,0,0,2.7958,2.5556,2.5556,2.7958,27.007,-2.8453e-08,18.86,-4.3772,2.8691e-08,19.393
0.32,0.065395,-7.6966e-11,1.19,1.9913e-10,0.35629,-5.3463e-10,0.93437,0.75329,-8.7475e-10,-1.7241,-2.6538e-10,0.80969,-9.7093e-11,6.1028,-6.9028e-09,-2.9678,0,0,0,2.884,2.6613,2.6613,2.884,26.941,-2.8138e-08,19.043,-8.8112,3.4211e-08,17.226
0.33,0.073237,-8.6063e-11,1.1726,2.0024e-10,0.3599,-5.3259e-10,0.93299,0.81567,-9.4518e-10,-1.7528,-2.7152e-10,0.73601,-1.0063e-10,6.3717,-7.1824e-09,-2.7766,0,0,0,2.9734,2.7668,2.7668,2.9734,26.831,-2.7769e-08,19.205,-13.119,3.954e-08,15.103
0.34,0.081717,-9.5879e-11,1.155,2.0113e-10,0.36317,-5.3061e-10,0.93172,0.88073,-1.0184e-09,-1.7796,-2.7757e-10,0.6676,-1.0411e-10,6.6393,-7.458e-09,-2.5838,0,0,0,3.0637,2.8718,2.8718,3.0637,26.679,-2.7348e-08,19.345,-17.303,4.468e-08,13.024
0.35,0.090861,-1.0644e-10,1.1371,2.018e-10,0.36613,-5.2871e-10,0.93057,0.94845,-1.0943e-09,-1.8045,-2.8356e-10,0.60402,-1.0753e-10,6.9052,-7.7292e-09,-2.3897,0,0,0,3.1547,2.9762,2.9762,3.1547,26.485,-2.6876e-08,19.465,-21.363,4.9633e-08,10.989
0.36,0.1007,-1.1777e-10,1.1189,2.0227e-10,0.36879,-5.2688e-10,0.92951,1.0188,-1.173e-09,-1.8274,-2.895e-10,0.54483,-1.1089e-10,7.1689,-7.9954e-09,-2.1945,0,0,0,3.2462,3.0799,3.0799,3.2462,26.252,-2.6356e-08,19.565,-25.301,5.4401e-08,8.9965
0.37,0.11125,-1.2991e-10,1.1005,2.0255e-10,0.3712,-5.2511e-10,0.92855,1.0918,-1.2542e-09,-1.8484,-2.954e-10,0.48967,-1.142e-10,7.4301,-8.2561e-09,-1.9985,0,0,0,3.338,3.1829,3.1829,3.338,25.98,-2.5789e-08,19.646,-29.118,5.8987e-08,7.0472
0.38,0.12254,-1.4287e-10,1.0819,2.0265e-10,0.37335,-5.2341e-10,0.92769,1.1674,-1.3381e-09,-1.8674,-3.0127e-10,0.43816,-1.1747e-10,7.6884,-8.511e-09,-1.8017,0,0,0,3.43,3.285,3.285,3.43,25.67,-2.5177e-08,19.706,-32.816,6.3392e-08,5.1404
0.39,0.1346,-1.5668e-10,1.0632,2.0259e-10,0.37527,-5.2176e-10,0.92692,1.2456,-1.4244e-09,-1.8844,-3.0712e-10,0.38998,-1.207e-10,7.9434,-8.7595e-09,-1.6044,0,0,0,3.5218,3.3861,3.3861,3.5218,25.324,-2.4522e-08,19.748,-36.394,6.7619e-08,3.2758
0.4,0.14746,-1.7136e-10,1.0443,2.0236e-10,0.37697,-5.2018e-10,0.92623,1.3263,-1.5132e-09,-1.8995,-3.1297e-10,0.34483,-1.239e-10,8.1947,-9.0013e-09,-1.4068,0,0,0,3.6135,3.4862,3.4862,3.6135,24.943,-2.3825e-08,19.772,-39.855,7.1669e-08,1.4532
0.41,0.16114,-1.8695e-10,1.0252,2.0199e-10,0.37846,-5.1864e-10,0.92562,1.4095,-1.6044e-09,-1.9126,-3.1881e-10,0.30243,-1.2706e-10,8.4421,-9.2359e-09,-1.209,0,0,0,3.7048,3.5851,3.5851,3.7048,24.527,-2.3089e-08,19.778,-43.2,7.5545e-08,-0.32778
0.42,0.17566,-2.0346e-10,1.006,2.0147e-10,0.37977,-5.1716e-10,0.92508,1.4951,-1.6979e-09,-1.9237,-3.2466e-10,0.26254,-1.3021e-10,8.6852,-9.4629e-09,-1.0113,0,0,0,3.7955,3.6828,3.6828,3.7955,24.079,-2.2315e-08,19.766,-46.429,7.9248e-08,-2.0675
0.43,0.19105,-2.2092e-10,0.98673,2.0082e-10,0.3809,-5.1573e-10,0.92462,1.5831,-1.7936e-09,-1.9328,-3.3052e-10,0.22493,-1.3333e-10,8.9236,-9.6821e-09,-0.81377,0,0,0,3.8855,3.7791,3.7791,3.8855,23.599,-2.1505e-08,19.736,-49.545,8.2781e-08,-3.7663
0.44,0.20733,-2.3934e-10,0.96736,2.0003e-10,0.38185,-5.1435e-10,0.92422,1.6736,-1.8915e-09,-1.9399,-3.3641e-10,0.18939,-1.3643e-10,9.157,-9.8929e-09,-0.61662,0,0,0,3.9748,3.8741,3.8741,3.9748,23.088,-2.066e-08,19.69,-52.548,8.6145e-08,-5.4244
0.45,0.22453,-2.5875e-10,0.94794,1.9912e-10,0.38265,-5.1301e-10,0.92389,1.7663,-1.9915e-09,-1.9451,-3.4232e-10,0.15573,-1.3953e-10,9.3852,-1.0095e-08,-0.42001,0,0,0,4.063,3.9676,3.9676,4.063,22.548,-1.9782e-08,19.628,-55.439,8.9343e-08,-7.0422
0.46,0.24266,-2.7918e-10,0.92847,1.9809e-10,0.3833,-5.1172e-10,0.92363,1.8612,-2.0934e-09,-1.9483,-3.4827e-10,0.12377,-1.4262e-10,9.6079,-1.0288e-08,-0.22411,0,0,0,4.1502,4.0595,4.0595,4.1502,21.98,-1.8874e-08,19.55,-58.22,9.2377e-08,-8.6199
0.47,0.26176,-3.0063e-10,0.90898,1.9693e-10,0.3838,-5.1048e-10,0.92342,1.9584,-2.1972e-09,-1.9496,-3.5426e-10,0.093363,-1.457e-10,9.8247,-1.0473e-08,-0.029068,0,0,0,4.2362,4.1497,4.1497,4.2362,21.384,-1.7935e-08,19.456,-60.891,9.5249e-08,-10.158
0.48,0.28184,-3.2313e-10,0.88948,1.9567e-10,0.38416,-5.0927e-10,0.92327,2.0577,-2.3028e-09,-1.9489,-3.603e-10,0.064357,-1.4878e-10,10.036,-1.0647e-08,0.16496,0,0,0,4.3208,4.2383,4.2383,4.3208,20.763,-1.6969e-08,19.347,-63.455,9.7961e-08,-11.657
0.49,0.30292,-3.4669e-10,0.87,1.9429e-10,0.38439,-5.0811e-10,0.92317,2.1591,-2.4101e-09,-1.9463,-3.6639e-10,0.036621,-1.5187e-10,10.24,-1.0812e-08,0.35782,0,0,0,4.404,4.325,4.325,4.404,20.116,-1.5977e-08,19.223,-65.911,1.0051e-07,-13.116
0.5,0.32502,-3.7133e-10,0.85056,1.9281e-10,0.3845,-5.0699e-10,0.92313,2.2625,-2.519e-09,-1.9418,-3.7253e-10,0.010033,-1.5497e-10,10.438,-1.0967e-08,0.54937,0,0,0,4.4857,4.4099,4.4099,4.4857,19.445,-1.4959e-08,19.085,-68.262,1.0291e-07,-14.537
0.51,0.34817,-3.9708e-10,0.83117,1.9122e-10,0.38449,-5.059e-10,0.92313,2.3678,-2.6294e-09,-1.9353,-3.7874e-10,-0.015519,-1.5807e-10,10.629,-1.1111e-08,0.73946,0,0,0,4.5658,4.4928,4.4928,4.5658,18.751,-1.3919e-08,18.932,-70.508,1.0515e-07,-15.92
0.52,0.37239,-4.2393e-10,0.81186,1.8953e-10,0.38436,-5.0485e-10,0.92318,2.475,-2.7412e-09,-1.927,-3.8501e-10,-0.040136,-1.6119e-10,10.813,-1.1245e-08,0.92797,0,0,0,4.6442,4.5738,4.5738,4.6442,18.035,-1.2857e-08,18.766,-72.651,1.0725e-07,-17.264
0.53,0.39768,-4.519e-10,0.79264,1.8774e-10,0.38412,-5.0384e-10,0.92328,2.5841,-2.8543e-09,-1.9168,-3.9135e-10,-0.063914,-1.6433e-10,10.989,-1.1368e-08,1.1147,0,0,0,4.7208,4.6527,4.6527,4.7208,17.298,-1.1774e-08,18.587,-74.692,1.0919e-07,-18.571
0.54,0.42407,-4.8102e-10,0.77353,1.8585e-10,0.38377,-5.0287e-10,0.92343,2.6948,-2.9685e-09,-1.9047,-3.9776e-10,-0.08694,-1.6748e-10,11.159,-1.148e-08,1.2997,0,0,0,4.7955,4.7294,4.7294,4.7955,16.541,-1.0673e-08,18.395,-76.631,1.1098e-07,-19.84
0.55,0.45158,-5.1128e-10,0.75455,1.8386e-10,0.38332,-5.0193e-10,0.92362,2.8072,-3.0838e-09,-1.8908,-4.0426e-10,-0.10929,-1.7067e-10,11.32,-1.1581e-08,1.4826,0,0,0,4.8682,4.804,4.804,4.8682,15.766,-9.5553e-09,18.19,-78.471,1.1263e-07,-21.072
0.56,0.48022,-5.427e-10,0.73572,1.8177e-10,0.38276,-5.0102e-10,0.92385,2.9212,-3.2001e-09,-1.8751,-4.1083e-10,-0.13105,-1.7387e-10,11.474,-1.1671e-08,1.6634,0,0,0,4.939,4.8764,4.8764,4.939,14.972,-8.4214e-09,17.974,-80.212,1.1413e-07,-22.267
0.57,0.51001,-5.7528e-10,0.71706,1.7959e-10,0.38211,-5.0015e-10,0.92412,3.0367,-3.3172e-09,-1.8575,-4.175e-10,-0.15229,-1.7711e-10,11.62,-1.175e-08,1.842,0,0,0,5.0076,4.9465,4.9465,5.0076,14.162,-7.2731e-09,17.745,-81.856,1.155e-07,-23.425
0.58,0.54096,-6.0904e-10,0.69858,1.7731e-10,0.38135,-4.9931e-10,0.92443,3.1535,-3.4351e-09,-1.8382,-4.2425e-10,-0.17306,-1.8038e-10,11.757,-1.1817e-08,2.0183,0,0,0,5.0741,5.0143,5.0143,5.0741,13.335,-6.1119e-09,17.505,-83.403,1.1672e-07,-24.548
0.59,0.57309,-6.4399e-10,0.6803,1.7494e-10,0.38051,-4.985e-10,0.92478,3.2718,-3.5535e-09,-1.8172,-4.311e-10,-0.19343,-1.8369e-10,11.886,-1.1872e-08,2.1921,0,0,0,5.1384,5.0796,5.0796,5.1384,12.494,-4.9392e-09,17.254,-84.855,1.178e-07,-25.634
0.6,0.6064,-6.8012e-10,0.66224,1.7248e-10,0.37957,-4.9772e-10,0.92517,3.3912,-3.6725e-09,-1.7944,-4.3805e-10,-0.21345,-1.8703e-10,12.007,-1.1915e-08,2.3633,0,0,0,5.2005,5.1426,5.1426,5.2005,11.639,-3.7563e-09,16.993,-86.214,1.1875e-07,-26.685
0.61,0.64092,-7.1744e-10,0.64442,1.6992e-10,0.37853,-4.9697e-10,0.92559,3.5119,-3.7918e-09,-1.7699,-4.451e-10,-0.23319,-1.9042e-10,12.119,-1.1947e-08,2.5319,0,0,0,5.2602,5.2031,5.2031,5.2602,10.77,-2.5646e-09,16.721,-87.479,1.1957e-07,-27.701
0.62,0.67664,-7.5595e-10,0.62685,1.6727e-10,0.37741,-4.9625e-10,0.92605,3.6336,-3.9114e-09,-1.7438,-4.5225e-10,-0.25269,-1.9386e-10,12.222,-1.1967e-08,2.6977,0,0,0,5.3176,5.2611,5.2611,5.3176,9.8894,-1.3654e-09,16.439,-88.653,1.2025e-07,-28.682
0.63,0.71359,-7.9567e-10,0.60955,1.6453e-10,0.37619,-4.9556e-10,0.92654,3.7563,-4.0311e-09,-1.716,-4.5952e-10,-0.272,-1.9734e-10,12.317,-1.1974e-08,2.8607,0,0,0,5.3726,5.3166,5.3166,5.3726,8.9974,-1.5999e-10,16.147,-89.736,1.2081e-07,-29.628
0.64,0.75177,-8.3658e-10,0.59253,1.6169e-10,0.37489,-4.949e-10,0.92707,3.8799,-4.1508e-09,-1.6866,-4.669e-10,-0.29116,-2.0087e-10,12.402,-1.197e-08,3.0206,0,0,0,5.4251,5.3695,5.3695,5.4251,8.095,1.0503e-09,15.846,-90.731,1.2123e-07,-30.54
0.65,0.79119,-8.7868e-10,0.57582,1.5877e-10,0.37349,-4.9427e-10,0.92763,4.0043,-4.2705e-09,-1.6556,-4.744e-10,-0.31023,-2.0446e-10,12.479,-1.1953e-08,3.1776,0,0,0,5.4752,5.4198,5.4198,5.4752,7.1831,2.2643e-09,15.537,-91.637,1.2154e-07,-31.418
0.66,0.83186,-9.2198e-10,0.55943,1.5574e-10,0.37201,-4.9367e-10,0.92823,4.1294,-4.3899e-09,-1.623,-4.8201e-10,-0.32923,-2.0811e-10,12.546,-1.1925e-08,3.3313,0,0,0,5.5228,5.4676,5.4676,5.5228,6.2625,3.4806e-09,15.218,-92.456,1.2172e-07,-32.262
0.67,0.87378,-9.6648e-10,0.54337,1.5263e-10,0.37044,-4.9309e-10,0.92886,4.2552,-4.5089e-09,-1.589,-4.8975e-10,-0.34821,-2.1182e-10,12.604,-1.1884e-08,3.4819,0,0,0,5.5679,5.5126,5.5126,5.5679,5.3342,4.6982e-09,14.891,-93.19,1.2177e-07,-33.073
0.68,0.91696,-1.0122e-09,0.52765,1.4942e-10,0.36877,-4.9253e-10,0.92952,4.3815,-4.6275e-09,-1.5534,-4.9762e-10,-0.36721,-2.1559e-10,12.652,-1.1831e-08,3.6292,0,0,0,5.6105,5.5551,5.5551,5.6105,4.399,5.9157e-09,14.557,-93.839,1.2171e-07,-33.851
0.69,0.96141,-1.059e-09,0.5123,1.4611e-10,0.36702,-4.92e-10,0.93021,4.5082,-4.7455e-09,-1.5164,-5.0562e-10,-0.38627,-2.1944e-10,12.692,-1.1765e-08,3.773,0,0,0,5.6504,5.5948,5.5948,5.6504,3.4577,7.132e-09,14.215,-94.404,1.2153e-07,-34.596
0.7,1.0071,-1.1071e-09,0.49733,1.4271e-10,0.36518,-4.915e-10,0.93094,4.6353,-4.8628e-09,-1.4779,-5.1376e-10,-0.40543,-2.2335e-10,12.722,-1.1688e-08,3.9134,0,0,0,5.6878,5.6319,5.6319,5.6878,2.5112,8.3459e-09,13.865,-94.888,1.2124e-07,-35.309
0.71,1.0541,-1.1563e-09,0.48275,1.3921e-10,0.36325,-4.9102e-10,0.93169,4.7626,-4.9792e-09,-1.4381,-5.2204e-10,-0.42471,-2.2734e-10,12.742,-1.1599e-08,4.0503,0,0,0,5.7227,5.6663,5.6663,5.7227,1.5603,9.5564e-09,13.508,-95.29,1.2083e-07,-35.99
0.72,1.1024,-1.2066e-09,0.46857,1.3562e-10,0.36122,-4.9056e-10,0.93248,4.8901,-5.0947e-09,-1.3969,-5.3045e-10,-0.44415,-2.314e-10,12.753,-1.1497e-08,4.1836,0,0,0,5.7549,5.698,5.698,5.7549,0.60567,1.0762e-08,13.145,-95.613,1.2031e-07,-36.639
0.73,1.1519,-1.2582e-09,0.45481,1.3193e-10,0.35911,-4.9012e-10,0.9333,5.0176,-5.2091e-09,-1.3545,-5.3902e-10,-0.46379,-2.3555e-10,12.754,-1.1383e-08,4.3132,0,0,0,5.7845,5.727,5.727,5.7845,-0.35174,1.1962e-08,12.776,-95.857,1.1968e-07,-37.256
0.74,1.2027,-1.3108e-09,0.44149,1.2813e-10,0.3569,-4.8971e-10,0.93414,5.1451,-5.3223e-09,-1.3107,-5.4773e-10,-0.48367,-2.3979e-10,12.746,-1.1258e-08,4.4391,0,0,0,5.8115,5.7532,5.7532,5.8115,-1.3112,1.3155e-08,12.4,-96.023,1.1895e-07,-37.843
0.75,1.2548,-1.3646e-09,0.4286,1.2424e-10,0.35459,-4.8931e-10,0.93502,5.2725,-5.4342e-09,-1.2657,-5.5659e-10,-0.50381,-2.4412e-10,12.728,-1.112e-08,4.5612,0,0,0,5.8359,5.7768,5.7768,5.8359,-2.2719,1.4341e-08,12.019,-96.113,1.1811e-07,-38.399
0.76,1.3082,-1.4195e-09,0.41618,1.2025e-10,0.35218,-4.8893e-10,0.93593,5.3997,-5.5447e-09,-1.2195,-5.6561e-10,-0.52425,-2.4854e-10,12.7,-1.0971e-08,4.6794,0,0,0,5.8577,5.7977,5.7977,5.8577,-3.2332,1.5517e-08,11.632,-96.129,1.1717e-07,-38.924
0.77,1.3628,-1.4755e-09,0.40422,1.1615e-10,0.34968,-4.8857e-10,0.93687,5.5265,-5.6536e-09,-1.1721,-5.748e-10,-0.54502,-2.5306e-10,12.663,-1.081e-08,4.7938,0,0,0,5.8769,5.8159,5.8159,5.8769,-4.1943,1.6684e-08,11.241,-96.07,1.1612e-07,-39.419
0.78,1.4187,-1.5326e-09,0.39274,1.1195e-10,0.34708,-4.8823e-10,0.93784,5.6529,-5.7608e-09,-1.1236,-5.8414e-10,-0.56616,-2.5768e-10,12.616,-1.0637e-08,4.9042,0,0,0,5.8935,5.8314,5.8314,5.8935,-5.1544,1.784e-08,10.844,-95.938,1.1498e-07,-39.884
0.79,1.4759,-1.5907e-09,0.38175,1.0764e-10,0.34437,-4.879e-10,0.93883,5.7788,-5.8663e-09,-1.074,-5.9365e-10,-0.58769,-2.6241e-10,12.56,-1.0453e-08,5.0107,0,0,0,5.9075,5.8442,5.8442,5.9075,-6.1128,1.8983e-08,10.443,-95.735,1.1374e-07,-40.32
0.8,1.5343,-1.6499e-09,0.37126,1.0322e-10,0.34156,-4.8759e-10,0.93986,5.9041,-5.9699e-09,-1.0234,-6.0334e-10,-0.60966,-2.6725e-10,12.494,-1.0258e-08,5.1131,0,0,0,5.919,5.8544,5.8544,5.919,-7.0688,2.0114e-08,10.038,-95.461,1.1241e-07,-40.726
0.81,1.5939,-1.7101e-09,0.36128,9.8698e-11,0.33864,-4.8729e-10,0.94092,6.0286,-6.0714e-09,-0.9718,-6.1319e-10,-0.63209,-2.722e-10,12.419,-1.0051e-08,5.2114,0,0,0,5.928,5.862,5.862,5.928,-8.0218,2.1231e-08,9.6286,-95.118,1.1099e-07,-41.104
0.82,1.6549,-1.7713e-09,0.35183,9.4062e-11,0.33561,-4.87e-10,0.942,6.1524,-6.1708e-09,-0.91921,-6.2323e-10,-0.65502,-2.7728e-10,12.334,-9.8331e-09,5.3056,0,0,0,5.9345,5.8669,5.8669,5.9345,-8.971,2.2333e-08,9.2158,-94.707,1.0947e-07,-41.453
0.83,1.717,-1.8335e-09,0.3429,8.9315e-11,0.33247,-4.8671e-10,0.94311,6.2753,-6.268e-09,-0.8657,-6.3344e-10,-0.67849,-2.8248e-10,12.239,-9.6043e-09,5.3957,0,0,0,5.9384,5.8693,5.8693,5.9384,-9.9157,2.342e-08,8.7997,-94.23,1.0786e-07,-41.774
0.84,1.7804,-1.8967e-09,0.33452,8.4452e-11,0.32921,-4.8644e-10,0.94426,6.3971,-6.3629e-09,-0.81131,-6.4383e-10,-0.70252,-2.8782e-10,12.135,-9.3647e-09,5.4816,0,0,0,5.94,5.8691,5.8691,5.94,-10.855,2.449e-08,8.3804,-93.686,1.0617e-07,-42.066
0.85,1.8449,-1.9608e-09,0.32668,7.9474e-11,0.32583,-4.8617e-10,0.94543,6.5179,-6.4553e-09,-0.75608,-6.5442e-10,-0.72716,-2.9328e-10,12.022,-9.1146e-09,5.5633,0,0,0,5.9391,5.8664,5.8664,5.9391,-11.789,2.5543e-08,7.9584,-93.078,1.044e-07,-42.332
0.86,1.9107,-2.0258e-09,0.3194,7.4377e-11,0.32233,-4.8591e-10,0.94663,6.6376,-6.5452e-09,-0.70006,-6.6519e-10,-0.75243,-2.989e-10,11.9,-8.8539e-09,5.6408,0,0,0,5.9358,5.8613,5.8613,5.9358,-12.717,2.6578e-08,7.5339,-92.407,1.0254e-07,-42.57
0.87,1.9777,-2.0917e-09,0.31268,6.9161e-11,0.31871,-4.8564e-10,0.94785,6.7559,-6.6323e-09,-0.64328,-6.7615e-10,-0.77837,-3.0465e-10,11.768,-8.5831e-09,5.714,0,0,0,5.9302,5.8537,5.8537,5.9302,-13.637,2.7594e-08,7.1071,-91.673,1.006e-07,-42.781
0.88,2.0458,-2.1584e-09,0.30653,6.3822e-11,0.31496,-4.8538e-10,0.94911,6.8729,-6.7168e-09,-0.58579,-6.873e-10,-0.80503,-3.1056e-10,11.627,-8.3021e-09,5.7829,0,0,0,5.9223,5.8436,5.8436,5.9223,-14.55,2.859e-08,6.6784,-90.879,9.8582e-08,-42.965
0.89,2.1151,-2.226e-09,0.30097,5.8358e-11,0.31107,-4.8511e-10,0.95039,6.9884,-6.7984e-09,-0.52764,-6.9865e-10,-0.83243,-3.1663e-10,11.477,-8.0113e-09,5.8475,0,0,0,5.9122,5.8313,5.8313,5.9122,-15.455,2.9565e-08,6.2479,-90.024,9.6489e-08,-43.123
0.9,2.1856,-2.2944e-09,0.29598,5.2767e-11,0.30704,-4.8484e-10,0.9517,7.1024,-6.877e-09,-0.46886,-7.1019e-10,-0.86061,-3.2286e-10,11.318,-7.7109e-09,5.9079,0,0,0,5.8998,5.8166,5.8166,5.8998,-16.35,3.0519e-08,5.816,-89.111,9.4321e-08,-43.255
0.91,2.2572,-2.3635e-09,0.29159,4.7048e-11,0.30288,-4.8455e-10,0.95303,7.2147,-6.9525e-09,-0.4095,-7.2194e-10,-0.8896,-3.2926e-10,11.15,-7.401e-09,5.9639,0,0,0,5.8853,5.7996,5.7996,5.8853,-17.237,3.1451e-08,5.3829,-88.141,9.2081e-08,-43.361
0.92,2.3299,-2.4334e-09,0.2878,4.1197e-11,0.29856,-4.8426e-10,0.95439,7.3254,-7.025e-09,-0.3496,-7.3388e-10,-0.91946,-3.3584e-10,10.973,-7.0819e-09,6.0155,0,0,0,5.8687,5.7805,5.7805,5.8687,-18.113,3.2361e-08,4.9489,-87.114,8.9771e-08,-43.442
0.93,2.4037,-2.504e-09,0.2846,3.5212e-11,0.2941,-4.8395e-10,0.95577,7.4342,-7.0942e-09,-0.2892,-7.4602e-10,-0.9502,-3.426e-10,10.788,-6.7539e-09,6.0628,0,0,0,5.8501,5.7592,5.7592,5.8501,-18.979,3.3247e-08,4.5142,-86.032,8.7393e-08,-43.498
0.94,2.4786,-2.5753e-09,0.28201,2.9091e-11,0.28948,-4.8362e-10,0.95718,7.5411,-7.16e-09,-0.22835,-7.5837e-10,-0.98188,-3.4954e-10,10.594,-6.4171e-09,6.1058,0,0,0,5.8295,5.7358,5.7358,5.8295,-19.833,3.4108e-08,4.079,-84.897,8.4949e-08,-43.529
0.95,2.5545,-2.6472e-09,0.28004,2.283e-11,0.2847,-4.8327e-10,0.95862,7.646,-7.2225e-09,-0.1671,-7.7091e-10,-1.0145,-3.5669e-10,10.391,-6.0718e-09,6.1444,0,0,0,5.8069,5.7105,5.7105,5.8069,-20.676,3.4945e-08,3.6437,-83.708,8.2441e-08,-43.535
0.96,2.6315,-2.7197e-09,0.27867,1.6429e-11,0.27975,-4.829e-10,0.96007,7.7489,-7.2814e-09,-0.10548,-7.8365e-10,-1.0482,-3.6403e-10,10.18,-5.7183e-09,6.1787,0,0,0,5.7826,5.6831,5.6831,5.7826,-21.507,3.5757e-08,3.2084,-82.468,7.9871e-08,-43.518
0.97,2.7095,-2.7928e-09,0.27793,9.8829e-12,0.27463,-4.8249e-10,0.96155,7.8496,-7.3368e-09,-0.04354,-7.9658e-10,-1.0828,-3.7158e-10,9.961,-5.3567e-09,6.2086,0,0,0,5.7565,5.654,5.654,5.7565,-22.326,3.6543e-08,2.7734,-81.178,7.7241e-08,-43.476
0.98,2.7885,-2.8664e-09,0.2778,3.1904e-12,0.26934,-4.8205e-10,0.96305,7.9481,-7.3885e-09,0.018678,-8.0971e-10,-1.1186,-3.7934e-10,9.7337,-4.9875e-09,6.2341,0,0,0,5.7286,5.623,5.623,5.7286,-23.131,3.7302e-08,2.3389,-79.838,7.4553e-08,-43.411
0.99,2.8684,-2.9406e-09,0.2783,-3.6515e-12,0.26386,-4.8157e-10,0.96456,8.0442,-7.4365e-09,0.081129,-8.2303e-10,-1.1554,-3.8732e-10,9.4984,-4.6108e-09,6.2554,0,0,0,5.6992,5.5903,5.5903,5.6992,-23.922,3.8033e-08,1.9052,-78.45,7.1809e-08,-43.323
1,2.9493,-3.0152e-09,0.27943,-1.0645e-11,0.25819,-4.8105e-10,0.96609,8.138,-7.4807e-09,0.14377,-8.3653e-10,-1.1934,-3.9553e-10,9.2553,-4.2269e-09,6.2722,0,0,0,5.6682,5.5559,5.5559,5.6682,-24.7,3.8738e-08,1.4725,-77.016,6.9011e-08,-43.213
1.01,3.0312,-3.0902e-09,0.28118,-1.7794e-11,0.25233,-4.8048e-10,0.96764,8.2293,-7.521e-09,0.20656,-8.5021e-10,-1.2326,-4.0397e-10,9.0045,-3.8361e-09,6.2848,0,0,0,5.6358,5.5201,5.5201,5.6358,-25.462,3.9414e-08,1.0411,-75.535,6.6162e-08,-43.079
1.02,3.1139,-3.1656e-09,0.28356,-2.51e-11,0.24626,-4.7985e-10,0.9692,8.3181,-7.5574e-09,0.26945,-8.6406e-10,-1.2729,-4.1265e-10,8.7461,-3.4387e-09,6.2931,0,0,0,5.602,5.4828,5.4828,5.602,-26.21,4.0061e-08,0.61103,-74.01,6.3263e-08,-42.924
1.03,3.1975,-3.2413e-09,0.28657,-3.2566e-11,0.23999,-4.7916e-10,0.97078,8.4042,-7.5898e-09,0.33241,-8.7808e-10,-1.3145,-4.2157e-10,8.4803,-3.035e-09,6.297,0,0,0,5.5669,5.4441,5.4441,5.5669,-26.942,4.0679e-08,0.18266,-72.442,6.0317e-08,-42.746
1.04,3.282,-3.3173e-09,0.29021,-4.0194e-11,0.2335,-4.7841e-10,0.97236,8.4877,-7.6181e-09,0.39538,-8.9225e-10,-1.3573,-4.3073e-10,8.2073,-2.6253e-09,6.2967,0,0,0,5.5307,5.4042,5.4042,5.5307,-27.659,4.1267e-08,-0.24382,-70.832,5.7324e-08,-42.547
1.05,3.3673,-3.3936e-09,0.29447,-4.7988e-11,0.22679,-4.7758e-10,0.97394,8.5683,-7.6423e-09,0.45833,-9.0656e-10,-1.4013,-4.4015e-10,7.9272,-2.2098e-09,6.2922,0,0,0,5.4933,5.3632,5.3632,5.4933,-28.359,4.1825e-08,-0.66821,-69.181,5.4289e-08,-42.327
1.06,3.4533,-3.4702e-09,0.29937,-5.5948e-11,0.21985,-4.7667e-10,0.97553,8.6462,-7.6623e-09,0.52121,-9.21e-10,-1.4466,-4.4983e-10,7.6402,-1.7889e-09,6.2834,0,0,0,5.4549,5.3212,5.3212,5.4549,-29.042,4.2353e-08,-1.0903,-67.49,5.1211e-08,-42.086
1.07,3.5402,-3.5469e-09,0.3049,-6.4079e-11,0.21267,-4.7567e-10,0.97712,8.7211,-7.678e-09,0.58398,-9.3555e-10,-1.4932,-4.5976e-10,7.3464,-1.3628e-09,6.2704,0,0,0,5.4157,5.2783,5.2783,5.4157,-29.709,4.2849e-08,-1.5099,-65.76,4.8095e-08,-41.824
1.08,3.6278,-3.6237e-09,0.31105,-7.238e-11,0.20526,-4.7458e-10,0.97871,8.7931,-7.6895e-09,0.6466,-9.5019e-10,-1.541,-4.6995e-10,7.0461,-9.3199e-10,6.2532,0,0,0,5.3756,5.2346,5.2346,5.3756,-30.357,4.3314e-08,-1.9267,-63.993,4.4941e-08,-41.542
1.09,3.716,-3.7007e-09,0.31783,-8.0855e-11,0.19759,-4.7338e-10,0.98028,8.862,-7.6967e-09,0.70903,-9.6492e-10,-1.5901,-4.8041e-10,6.7393,-4.9666e-10,6.2318,0,0,0,5.3348,5.1902,5.1902,5.3348,-30.988,4.3748e-08,-2.3406,-62.189,4.1751e-08,-41.239
1.1,3.805,-3.7776e-09,0.32523,-8.9505e-11,0.18967,-4.7207e-10,0.98185,8.9279,-7.6994e-09,0.77122,-9.7969e-10,-1.6403,-4.9113e-10,6.4264,-5.7144e-11,6.2064,0,0,0,5.2935,5.1454,5.1454,5.2935,-31.601,4.4149e-08,-2.7514,-60.351,3.8528e-08,-40.918
1.11,3.8946,-3.8546e-09,0.33325,-9.8332e-11,0.18148,-4.7064e-10,0.98339,8.9905,-7.6978e-09,0.83314,-9.9449e-10,-1.6918,-5.0211e-10,6.1074,3.8622e-10,6.1768,0,0,0,5.2517,5.1002,5.1002,5.2517,-32.195,4.4518e-08,-3.1589,-58.478,3.5274e-08,-40.576
1.12,3.9848,-3.9316e-09,0.34189,-1.0734e-10,0.17303,-4.6908e-10,0.98492,9.05,-7.6917e-09,0.89475,-1.0093e-09,-1.7443,-5.1335e-10,5.7825,8.3311e-10,6.1432,0,0,0,5.2095,5.0548,5.0548,5.2095,-32.771,4.4855e-08,-3.5629,-56.573,3.1991e-08,-40.216
1.13,4.0756,-4.0084e-09,0.35115,-1.1652e-10,0.1643,-4.6738e-10,0.98641,9.1062,-7.6811e-09,0.956,-1.024e-09,-1.798,-5.2485e-10,5.452,1.2832e-09,6.1056,0,0,0,5.167,5.0093,5.0093,5.167,-33.327,4.5158e-08,-3.9632,-54.636,2.868e-08,-39.837
1.14,4.1669,-4.0852e-09,0.36101,-1.2588e-10,0.15529,-4.6552e-10,0.98787,9.159,-7.666e-09,1.0168,-1.0387e-09,-1.8526,-5.366e-10,5.116,1.7362e-09,6.064,0,0,0,5.1244,4.9639,4.9639,5.1244,-33.863,4.5428e-08,-4.3596,-52.669,2.5345e-08,-39.44
1.15,4.2587,-4.1618e-09,0.37148,-1.3542e-10,0.146,-4.6351e-10,0.98929,9.2085,-7.6464e-09,1.0773,-1.0533e-09,-1.9082,-5.4858e-10,4.7748,2.1917e-09,6.0184,0,0,0,5.0817,4.9188,4.9188,5.0817,-34.38,4.5665e-08,-4.7519,-50.673,2.1986e-08,-39.025
1.16,4.3511,-4.2381e-09,0.38255,-1.4513e-10,0.13641,-4.6132e-10,0.99065,9.2545,-7.6222e-09,1.1372,-1.0678e-09,-1.9645,-5.6081e-10,4.4285,2.6493e-09,5.9689,0,0,0,5.0391,4.874,4.874,5.0391,-34.877,4.5868e-08,-5.14,-48.649,1.8606e-08,-38.591
1.17,4.4438,-4.3142e-09,0.39422,-1.5502e-10,0.12653,-4.5895e-10,0.99196,9.297,-7.5934e-09,1.1966,-1.082e-09,-2.0215,-5.7325e-10,4.0773,3.1089e-09,5.9156,0,0,0,4.9967,4.8299,4.8299,4.9967,-35.353,4.6037e-08,-5.5237,-46.597,1.5208e-08,-38.141
1.18,4.537,-4.39e-09,0.40649,-1.6509e-10,0.11636,-4.5638e-10,0.99321,9.336,-7.56e-09,1.2555,-1.096e-09,-2.079,-5.8589e-10,3.7215,3.57e-09,5.8585,0,0,0,4.9546,4.7866,4.7866,4.9546,-35.808,4.6172e-08,-5.9028,-44.521,1.1792e-08,-37.673
1.19,4.6305,-4.4654e-09,0.41933,-1.7532e-10,0.10588,-4.5361e-10,0.99438,9.3714,-7.522e-09,1.3138,-1.1098e-09,-2.1369,-5.9872e-10,3.3612,4.0322e-09,5.7976,0,0,0,4.9129,4.7442,4.7442,4.9129,-36.243,4.6273e-08,-6.2771,-42.419,8.3611e-09,-37.189
1.2,4.7244,-4.5404e-09,0.43276,-1.8572e-10,0.095109,-4.5062e-10,0.99547,9.4032,-7.4794e-09,1.3714,-1.1231e-09,-2.1948,-6.1172e-10,2.9967,4.4953e-09,5.733,0,0,0,4.8717,4.7029,4.7029,4.8717,-36.657,4.6339e-08,-6.6465,-40.294,4.9175e-09,-36.688
1.21,4.8186,-4.6149e-09,0.44676,-1.9629e-10,0.084035,-4.4741e-10,0.99646,9.4314,-7.4321e-09,1.4284,-1.1361e-09,-2.2527,-6.2486e-10,2.6282,4.9589e-09,5.6647,0,0,0,4.8312,4.663,4.663,4.8312,-37.049,4.6371e-08,-7.0108,-38.148,1.4632e-09,-36.171
1.22,4.913,-4.689e-09,0.46133,-2.0701e-10,0.072663,-4.4395e-10,0.99736,9.4558,-7.3802e-09,1.4847,-1.1486e-09,-2.3103,-6.3812e-10,2.2558,5.4226e-09,5.5928,0,0,0,4.7914,4.6246,4.6246,4.7914,-37.42,4.6368e-08,-7.3698,-35.98,-1.9999e-09,-35.637
1.23,5.0077,-4.7625e-09,0.47645,-2.1789e-10,0.060995,-4.4023e-10,0.99814,9.4765,-7.3236e-09,1.5403,-1.1605e-09,-2.3672,-6.5147e-10,1.8799,5.8861e-09,5.5173,0,0,0,4.7526,4.5879,4.5879,4.7526,-37.768,4.6331e-08,-7.7235,-33.792,-5.4698e-09,-35.089
1.24,5.1025,-4.8355e-09,0.49213,-2.289e-10,0.049036,-4.3626e-10,0.9988,9.4934,-7.2625e-09,1.5951,-1.1719e-09,-2.4233,-6.6487e-10,1.5005,6.3491e-09,5.4383,0,0,0,4.7147,4.553,4.553,4.7147,-38.095,4.6259e-08,-8.0716,-31.586,-8.9443e-09,-34.525
1.25,5.1975,-4.9078e-09,0.50835,-2.4006e-10,0.036794,-4.3201e-10,0.99932,9.5065,-7.1967e-09,1.649,-1.1825e-09,-2.4782,-6.7829e-10,1.118,6.8112e-09,5.3559,0,0,0,4.678,4.5202,4.5202,4.678,-38.4,4.6152e-08,-8.4139,-29.362,-1.2422e-08,-33.946
1.26,5.2926,-4.9794e-09,0.52511,-2.5134e-10,0.024274,-4.2747e-10,0.99971,9.5157,-7.1262e-09,1.7022,-1.1925e-09,-2.5315,-6.9169e-10,0.7326,7.272e-09,5.2701,0,0,0,4.6425,4.4897,4.4897,4.6425,-38.683,4.601e-08,-8.7504,-27.122,-1.5899e-08,-33.353
1.27,5.3878,-5.0503e-09,0.54239,-2.6273e-10,0.011489,-4.2264e-10,0.99993,9.5211,-7.0512e-09,1.7544,-1.2016e-09,-2.583,-7.0504e-10,0.34446,7.7313e-09,5.1809,0,0,0,4.6084,4.4615,4.4615,4.6084,-38.943,4.5834e-08,-9.081,-24.867,-1.9376e-08,-32.746
1.28,5.4831,-5.1204e-09,0.56019,-2.7423e-10,-0.0015499,-4.1751e-10,1,9.5226,-6.9716e-09,1.8058,-1.2098e-09,-2.6323,-7.1828e-10,-0.046171,8.1886e-09,5.0885,0,0,0,4.5757,4.4358,4.4358,4.5757,-39.18,4.5623e-08,-9.4053,-22.598,-2.2848e-08,-32.124
1.29,5.5783,-5.1897e-09,0.5785,-2.8582e-10,-0.014829,-4.1207e-10,0.99989,9.5202,-6.8875e-09,1.8562,-1.217e-09,-2.679,-7.3138e-10,-0.43906,8.6436e-09,4.9928,0,0,0,4.5447,4.4129,4.4129,4.5447,-39.394,4.5377e-08,-9.7234,-20.317,-2.6316e-08,-31.489
1.3,5.6734,-5.2581e-09,0.59731,-2.9749e-10,-0.028331,-4.063e-10,0.9996,9.5138,-6.7988e-09,1.9056,-1.2233e-09,-2.7228,-7.4428e-10,-0.83398,9.096e-09,4.894,0,0,0,4.5155,4.3927,4.3927,4.5155,-39.586,4.5097e-08,-10.035,-18.024,-2.9775e-08,-30.841
1.31,5.7685,-5.3256e-09,0.61661,-3.0922e-10,-0.042039,-4.0021e-10,0.99912,9.5035,-6.7056e-09,1.954,-1.2284e-09,-2.7632,-7.5695e-10,-1.2307,9.5455e-09,4.7921,0,0,0,4.4881,4.3755,4.3755,4.4881,-39.755,4.4782e-08,-10.34,-15.72,-3.3225e-08,-30.179
1.32,5.8635,-5.3922e-09,0.63639,-3.21e-10,-0.055932,-3.9379e-10,0.99843,9.4892,-6.6079e-09,2.0014,-1.2324e-09,-2.8001,-7.6933e-10,-1.629,9.9915e-09,4.6872,0,0,0,4.4628,4.3612,4.3612,4.4628,-39.901,4.4432e-08,-10.639,-13.407,-3.6664e-08,-29.505
1.33,5.9583,-5.4578e-09,0.65664,-3.3282e-10,-0.069988,-3.8704e-10,0.99755,9.4709,-6.5057e-09,2.0478,-1.2351e-09,-2.8329,-7.8138e-10,-2.0286,1.0434e-08,4.5794,0,0,0,4.4396,4.3501,4.3501,4.4396,-40.023,4.4048e-08,-10.93,-11.087,-4.0089e-08,-28.819
1.34,6.0529,-5.5223e-09,0.67734,-3.4465e-10,-0.084184,-3.7996e-10,0.99645,9.4486,-6.3992e-09,2.093,-1.2366e-09,-2.8614,-7.9306e-10,-2.4294,1.0872e-08,4.4686,0,0,0,4.4187,4.342,4.342,4.4187,-40.122,4.363e-08,-11.215,-8.759,-4.3497e-08,-28.12
1.35,6.1473,-5.5858e-09,0.69849,-3.5649e-10,-0.098493,-3.7253e-10,0.99514,9.4223,-6.2883e-09,2.1371,-1.2368e-09,-2.8854,-8.0433e-10,-2.831,1.1306e-08,4.3551,0,0,0,4.4002,4.3372,4.3372,4.4002,-40.198,4.3179e-08,-11.493,-6.4257,-4.6888e-08,-27.41
1.36,6.2413,-5.6481e-09,0.72008,-3.6831e-10,-0.11289,-3.6478e-10,0.99361,9.392,-6.1731e-09,2.1801,-1.2356e-09,-2.9046,-8.1514e-10,-3.2333,1.1736e-08,4.2388,0,0,0,4.3842,4.3355,4.3355,4.3842,-40.251,4.2693e-08,-11.763,-4.088,-5.026e-08,-26.689
1.37,6.3351,-5.7092e-09,0.74209,-3.801e-10,-0.12734,-3.5669e-10,0.99186,9.3576,-6.0536e-09,2.2219,-1.2331e-09,-2.9188,-8.2547e-10,-3.6359,1.216e-08,4.1199,0,0,0,4.3709,4.337,4.337,4.3709,-40.28,4.2173e-08,-12.026,-1.7469,-5.3609e-08,-25.956
1.38,6.4285,-5.7691e-09,0.76451,-3.9184e-10,-0.14183,-3.4827e-10,0.98989,9.3193,-5.9299e-09,2.2625,-1.2292e-09,-2.9279,-8.3528e-10,-4.0388,1.2579e-08,3.9983,0,0,0,4.3604,4.3416,4.3416,4.3604,-40.286,4.1621e-08,-12.282,0.59628,-5.6934e-08,-25.213
1.39,6.5215,-5.8278e-09,0.78734,-4.0352e-10,-0.15632,-3.3954e-10,0.98771,9.2769,-5.802e-09,2.3019,-1.2239e-09,-2.9317,-8.4455e-10,-4.4416,1.2993e-08,3.8742,0,0,0,4.3528,4.3493,4.3493,4.3528,-40.268,4.1035e-08,-12.531,2.9404,-6.0234e-08,-24.459
1.4,6.614,-5.8852e-09,0.81055,-4.1513e-10,-0.17078,-3.3048e-10,0.98531,9.2304,-5.6701e-09,2.34,-1.2172e-09,-2.9303,-8.5326e-10,-4.8441,1.34e-08,3.7477,0,0,0,4.3482,4.3601,4.3601,4.3482,-40.227,4.0416e-08,-12.771,5.2843,-6.3505e-08,-23.695
1.41,6.7061,-5.9412e-09,0.83413,-4.2664e-10,-0.18518,-3.2112e-10,0.9827,9.18,-5.5341e-09,2.3768,-1.2091e-09,-2.9236,-8.614e-10,-5.246,1.3801e-08,3.6188,0,0,0,4.3467,4.3738,4.3738,4.3467,-40.162,3.9765e-08,-13.004,7.6269,-6.6746e-08,-22.921
1.42,6.7976,-5.9958e-09,0.85808,-4.3805e-10,-0.1995,-3.1147e-10,0.9799,9.1255,-5.3941e-09,2.4124,-1.1997e-09,-2.9117,-8.6897e-10,-5.6472,1.4195e-08,3.4877,0,0,0,4.3483,4.3903,4.3903,4.3483,-40.074,3.9081e-08,-13.23,9.9668,-6.9955e-08,-22.138
1.43,6.8886,-6.049e-09,0.88238,-4.4934e-10,-0.2137,-3.0152e-10,0.9769,9.0671,-5.2502e-09,2.4466,-1.189e-09,-2.8948,-8.7596e-10,-6.0474,1.4582e-08,3.3543,0,0,0,4.3531,4.4096,4.4096,4.3531,-39.963,3.8366e-08,-13.447,12.303,-7.313e-08,-21.345
1.44,6.9789,-6.1008e-09,0.90701,-4.6051e-10,-0.22777,-2.9129e-10,0.97372,9.0046,-5.1025e-09,2.4794,-1.177e-09,-2.873,-8.8239e-10,-6.4464,1.4962e-08,3.2187,0,0,0,4.3611,4.4316,4.4316,4.3611,-39.828,3.7619e-08,-13.657,14.634,-7.6269e-08,-20.544
1.45,7.0686,-6.1511e-09,0.93196,-4.7155e-10,-0.24167,-2.808e-10,0.97036,8.9381,-4.951e-09,2.5109,-1.1637e-09,-2.8464,-8.8827e-10,-6.8439,1.5335e-08,3.0812,0,0,0,4.3723,4.456,4.456,4.3723,-39.67,3.6841e-08,-13.858,16.959,-7.9369e-08,-19.734
1.46,7.1577,-6.1998e-09,0.95722,-4.8245e-10,-0.25538,-2.7005e-10,0.96684,8.8677,-4.7958e-09,2.541,-1.1493e-09,-2.8155,-8.9361e-10,-7.2397,1.5699e-08,2.9416,0,0,0,4.3867,4.4829,4.4829,4.3867,-39.489,3.6032e-08,-14.051,19.277,-8.2429e-08,-18.916
1.47,7.246,-6.247e-09,0.98278,-4.932e-10,-0.26888,-2.5906e-10,0.96317,8.7933,-4.637e-09,2.5698,-1.1338e-09,-2.7805,-8.9845e-10,-7.6336,1.6055e-08,2.8002,0,0,0,4.4043,4.5121,4.5121,4.4043,-39.285,3.5192e-08,-14.236,21.587,-8.5447e-08,-18.09
1.48,7.3335,-6.2925e-09,1.0086,-5.0379e-10,-0.28216,-2.4784e-10,0.95937,8.715,-4.4747e-09,2.597,-1.1173e-09,-2.7416,-9.0282e-10,-8.0254,1.6403e-08,2.6569,0,0,0,4.425,4.5434,4.5434,4.425,-39.057,3.4323e-08,-14.413,23.886,-8.842e-08,-17.256
1.49,7.4203,-6.3365e-09,1.0347,-5.1424e-10,-0.29518,-2.3639e-10,0.95544,8.6328,-4.309e-09,2.6229,-1.0998e-09,-2.6993,-9.0675e-10,-8.4147,1.6741e-08,2.5119,0,0,0,4.4488,4.5767,4.5767,4.4488,-38.807,3.3424e-08,-14.581,26.175,-9.1347e-08,-16.415
1.5,7.5062,-6.3787e-09,1.0611,-5.2454e-10,-0.30794,-2.2473e-10,0.95141,8.5468,-4.1399e-09,2.6473,-1.0814e-09,-2.6539,-9.1028e-10,-8.8014,1.7071e-08,2.3653,0,0,0,4.4755,4.612,4.612,4.4755,-38.534,3.2496e-08,-14.741,28.452,-9.4225e-08,-15.568
1.51,7.5912,-6.4193e-09,1.0877,-5.3468e-10,-0.32043,-2.1286e-10,0.94727,8.4568,-3.9676e-09,2.6702,-1.0621e-09,-2.6057,-9.1345e-10,-9.1853,1.7391e-08,2.2171,0,0,0,4.5051,4.649,4.649,4.5051,-38.238,3.154e-08,-14.893,30.716,-9.7053e-08,-14.713
1.52,7.6753,-6.4581e-09,1.1145,-5.4468e-10,-0.33262,-2.008e-10,0.94306,8.3631,-3.7921e-09,2.6916,-1.0422e-09,-2.5552,-9.1631e-10,-9.5661,1.7702e-08,2.0675,0,0,0,4.5374,4.6877,4.6877,4.5374,-37.92,3.0555e-08,-15.036,32.966,-9.9828e-08,-13.852
1.53,7.7584,-6.4951e-09,1.1415,-5.5453e-10,-0.34452,-1.8856e-10,0.93878,8.2655,-3.6136e-09,2.7115,-1.0216e-09,-2.5026,-9.189e-10,-9.9436,1.8002e-08,1.9165,0,0,0,4.5723,4.728,4.728,4.5723,-37.579,2.9543e-08,-15.17,35.199,-1.0255e-07,-12.986
1.54,7.8406,-6.5303e-09,1.1687,-5.6424e-10,-0.35611,-1.7613e-10,0.93444,8.1642,-3.4321e-09,2.7299,-1.0003e-09,-2.4483,-9.2128e-10,-10.318,1.8293e-08,1.7641,0,0,0,4.6095,4.7696,4.7696,4.6095,-37.216,2.8504e-08,-15.295,37.417,-1.0521e-07,-12.113
1.55,7.9217,-6.5637e-09,1.1961,-5.7382e-10,-0.3674,-1.6353e-10,0.93006,8.0592,-3.2478e-09,2.7468,-9.7862e-10,-2.3927,-9.2348e-10,-10.688,1.8572e-08,1.6106,0,0,0,4.6491,4.8126,4.8126,4.6491,-36.831,2.7439e-08,-15.412,39.616,-1.0782e-07,-11.236
1.56,8.0018,-6.5953e-09,1.2236,-5.8328e-10,-0.37837,-1.5076e-10,0.92566,7.9505,-3.0607e-09,2.7621,-9.5645e-10,-2.3361,-9.2557e-10,-11.054,1.8841e-08,1.4559,0,0,0,4.6907,4.8568,4.8568,4.6907,-36.423,2.6348e-08,-15.52,41.796,-1.1036e-07,-10.353
1.57,8.0807,-6.6249e-09,1.2513,-5.9262e-10,-0.38902,-1.3782e-10,0.92123,7.8381,-2.871e-09,2.7759,-9.339e-10,-2.2787,-9.2757e-10,-11.416,1.9099e-08,1.3002,0,0,0,4.7342,4.9021,4.9021,4.7342,-35.995,2.5232e-08,-15.619,43.956,-1.1284e-07,-9.4651
1.58,8.1585,-6.6527e-09,1.2791,-6.0186e-10,-0.39936,-1.2471e-10,0.91679,7.7221,-2.6788e-09,2.7881,-9.1103e-10,-2.2209,-9.2955e-10,-11.774,1.9346e-08,1.1436,0,0,0,4.7795,4.9483,4.9483,4.7795,-35.544,2.4092e-08,-15.709,46.095,-1.1526e-07,-8.5732
1.59,8.2351,-6.6785e-09,1.3071,-6.1101e-10,-0.40938,-1.1143e-10,0.91236,7.6026,-2.4841e-09,2.7988,-8.879e-10,-2.1629,-9.3154e-10,-12.127,1.9581e-08,0.98606,0,0,0,4.8263,4.9953,4.9953,4.8263,-35.073,2.2927e-08,-15.79,48.211,-1.1761e-07,-7.6771
1.6,8.3105,-6.7024e-09,1.3351,-6.2007e-10,-0.41909,-9.7979e-11,0.90794,7.4796,-2.2872e-09,2.8079,-8.6458e-10,-2.1049,-9.3358e-10,-12.475,1.9804e-08,0.82778,0,0,0,4.8745,5.0431,5.0431,4.8745,-34.58,2.174e-08,-15.863,50.303,-1.1989e-07,-6.7773
1.61,8.3847,-6.7242e-09,1.3632,-6.2907e-10,-0.42849,-8.4354e-11,0.90354,7.3531,-2.0881e-09,2.8154,-8.411e-10,-2.0471,-9.3573e-10,-12.819,2.0016e-08,0.66883,0,0,0,4.9239,5.0916,5.0916,4.9239,-34.067,2.053e-08,-15.926,52.37,-1.221e-07,-5.874
1.62,8.4576,-6.7441e-09,1.3914,-6.3801e-10,-0.43759,-7.0548e-11,0.89917,7.2233,-1.8869e-09,2.8212,-8.1752e-10,-1.9898,-9.3801e-10,-13.157,2.0215e-08,0.50929,0,0,0,4.9743,5.1405,5.1405,4.9743,-33.533,1.9298e-08,-15.98,54.412,-1.2424e-07,-4.9676
1.63,8.5292,-6.762e-09,1.4196,-6.4692e-10,-0.44639,-5.6555e-11,0.89484,7.09,-1.6838e-09,2.8255,-7.9389e-10,-1.933,-9.4047e-10,-13.489,2.0401e-08,0.34926,0,0,0,5.0255,5.1898,5.1898,5.0255,-32.979,1.8045e-08,-16.025,56.425,-1.263e-07,-4.0583
1.64,8.5994,-6.7778e-09,1.4479,-6.558e-10,-0.45489,-4.2366e-11,0.89055,6.9535,-1.4789e-09,2.8282,-7.7023e-10,-1.8769,-9.4314e-10,-13.816,2.0576e-08,0.18882,0,0,0,5.0774,5.2395,5.2395,5.0774,-32.405,1.6772e-08,-16.061,58.411,-1.2828e-07,-3.1466
1.65,8.6682,-6.7915e-09,1.4762,-6.6468e-10,-0.46311,-2.7971e-11,0.8863,6.8137,-1.2724e-09,2.8293,-7.4659e-10,-1.8217,-9.4605e-10,-14.137,2.0737e-08,0.028061,0,0,0,5.1298,5.2892,5.2892,5.1298,-31.811,1.548e-08,-16.088,60.367,-1.3019e-07,-2.2327
1.66,8.7357,-6.8032e-09,1.5045,-6.7357e-10,-0.47104,-1.3357e-11,0.88211,6.6708,-1.0642e-09,2.8288,-7.2299e-10,-1.7674,-9.4924e-10,-14.452,2.0885e-08,-0.13292,0,0,0,5.1825,5.3391,5.3391,5.1825,-31.197,1.4169e-08,-16.106,62.291,-1.3201e-07,-1.3169
1.67,8.8016,-6.8128e-09,1.5328,-6.8249e-10,-0.4787,1.4905e-12,0.87798,6.5247,-8.5469e-10,2.8267,-6.9947e-10,-1.7142,-9.5273e-10,-14.761,2.102e-08,-0.29403,0,0,0,5.2354,5.3889,5.3889,5.2354,-30.565,1.284e-08,-16.115,64.184,-1.3375e-07,-0.39958
1.68,8.8661,-6.8203e-09,1.561,-6.9146e-10,-0.48609,1.6586e-11,0.87391,6.3756,-6.4387e-10,2.8229,-6.7605e-10,-1.662,-9.5654e-10,-15.064,2.1142e-08,-0.45518,0,0,0,5.2882,5.4385,5.4385,5.2882,-29.914,1.1494e-08,-16.114,66.044,-1.3541e-07,0.51898
1.69,8.9291,-6.8257e-09,1.5892,-7.005e-10,-0.49323,3.1949e-11,0.8699,6.2235,-4.319e-10,2.8175,-6.5275e-10,-1.611,-9.6072e-10,-15.359,2.125e-08,-0.61628,0,0,0,5.341,5.4879,5.4879,5.341,-29.244,1.0132e-08,-16.104,67.869,-1.3698e-07,1.4384
1.7,8.9906,-6.8289e-09,1.6174,-7.0964e-10,-0.50011,4.7599e-11,0.86596,6.0684,-2.1892e-10,2.8106,-6.296e-10,-1.5611,-9.6527e-10,-15.648,2.1344e-08,-0.77723,0,0,0,5.3934,5.5368,5.5368,5.3934,-28.556,8.7545e-09,-16.085,69.659,-1.3846e-07,2.3585
1.71,9.0505,-6.8301e-09,1.6454,-7.1889e-10,-0.50675,6.3557e-11,0.86209,5.9105,-5.0586e-12,2.802,-6.0661e-10,-1.5125,-9.7022e-10,-15.93,2.1425e-08,-0.93795,0,0,0,5.4455,5.5853,5.5853,5.4455,-27.851,7.3629e-09,-16.057,71.412,-1.3984e-07,3.2788
1.72,9.1088,-6.829e-09,1.6734,-7.2828e-10,-0.51315,7.985e-11,0.8583,5.7498,2.0954e-10,2.7918,-5.8378e-10,-1.4651,-9.756e-10,-16.205,2.1492e-08,-1.0983,0,0,0,5.4969,5.6332,5.6332,5.4969,-27.128,5.958e-09,-16.02,73.128,-1.4114e-07,4.1991
1.73,9.1655,-6.8259e-09,1.7013,-7.3784e-10,-0.51932,9.6503e-11,0.85458,5.5864,4.2473e-10,2.78,-5.6115e-10,-1.4189,-9.8141e-10,-16.473,2.1544e-08,-1.2583,0,0,0,5.5477,5.6804,5.6804,5.5477,-26.389,4.5405e-09,-15.973,74.804,-1.4233e-07,5.119
1.74,9.2205,-6.8205e-09,1.729,-7.476e-10,-0.52528,1.1355e-10,0.85093,5.4204,6.4037e-10,2.7667,-5.3872e-10,-1.3739,-9.8769e-10,-16.733,2.1582e-08,-1.4178,0,0,0,5.5977,5.7268,5.7268,5.5977,-25.632,3.1116e-09,-15.917,76.44,-1.4344e-07,6.0383
1.75,9.2739,-6.8131e-09,1.7566,-7.5758e-10,-0.53102,1.3101e-10,0.84736,5.2518,8.5633e-10,2.7517,-5.1649e-10,-1.3302,-9.9444e-10,-16.986,2.1606e-08,-1.5766,0,0,0,5.6467,5.7723,5.7723,5.6467,-24.86,1.6722e-09,-15.852,78.034,-1.4444e-07,6.9565
1.76,9.3255,-6.8034e-09,1.784,-7.6782e-10,-0.53655,1.4894e-10,0.84387,5.0807,1.0725e-09,2.7351,-4.9448e-10,-1.2876,-1.0017e-09,-17.23,2.1616e-08,-1.7348,0,0,0,5.6947,5.8168,5.8168,5.6947,-24.072,2.2321e-10,-15.778,79.586,-1.4534e-07,7.8735
1.77,9.3755,-6.7916e-09,1.8113,-7.7835e-10,-0.54189,1.6737e-10,0.84045,4.9072,1.2886e-09,2.717,-4.727e-10,-1.2463,-1.0094e-09,-17.467,2.1611e-08,-1.8922,0,0,0,5.7415,5.8602,5.8602,5.7415,-23.268,-1.2342e-09,-15.695,81.094,-1.4613e-07,8.7888
1.78,9.4237,-6.7776e-09,1.8384,-7.8922e-10,-0.54703,1.8634e-10,0.83711,4.7314,1.5046e-09,2.6973,-4.5115e-10,-1.2061,-1.0177e-09,-17.696,2.1591e-08,-2.0487,0,0,0,5.7871,5.9024,5.9024,5.7871,-22.45,-2.6991e-09,-15.602,82.557,-1.4682e-07,9.7021
1.79,9.4701,-6.7615e-09,1.8652,-8.0046e-10,-0.55198,2.0589e-10,0.83385,4.5533,1.7204e-09,2.676,-4.2984e-10,-1.1671,-1.0265e-09,-17.916,2.1557e-08,-2.2042,0,0,0,5.8313,5.9433,5.9433,5.8313,-21.617,-4.1703e-09,-15.501,83.974,-1.474e-07,10.613
1.8,9.5147,-6.7432e-09,1.8919,-8.1211e-10,-0.55676,2.261e-10,0.83067,4.3731,1.9357e-09,2.6532,-4.0877e-10,-1.1291,-1.0359e-09,-18.128,2.1508e-08,-2.3586,0,0,0,5.874,5.9829,5.9829,5.874,-20.771,-5.6467e-09,-15.39,85.344,-1.4787e-07,11.522
1.81,9.5576,-6.7228e-09,1.9183,-8.2423e-10,-0.56137,2.47e-10,0.82757,4.1908,2.1505e-09,2.6289,-3.8795e-10,-1.0923,-1.0459e-09,-18.331,2.1444e-08,-2.512,0,0,0,5.9152,6.021,6.021,5.9152,-19.911,-7.1274e-09,-15.27,86.665,-1.4823e-07,12.427
1.82,9.5986,-6.7002e-09,1.9444,-8.3687e-10,-0.5658,2.6867e-10,0.82454,4.0065,2.3645e-09,2.603,-3.6739e-10,-1.0565,-1.0564e-09,-18.526,2.1365e-08,-2.664,0,0,0,5.9548,6.0576,6.0576,5.9548,-19.038,-8.6111e-09,-15.142,87.937,-1.4848e-07,13.33
1.83,9.6377,-6.6755e-09,1.9703,-8.5009e-10,-0.57008,2.9117e-10,0.82159,3.8203,2.5777e-09,2.5756,-3.4709e-10,-1.0217,-1.0675e-09,-18.712,2.1272e-08,-2.8148,0,0,0,5.9926,6.0926,6.0926,5.9926,-18.152,-1.0097e-08,-15.004,89.157,-1.4861e-07,14.229
1.84,9.675,-6.6487e-09,1.996,-8.6396e-10,-0.5742,3.1458e-10,0.81872,3.6323,2.7899e-09,2.5467,-3.2706e-10,-0.98783,-1.0792e-09,-18.889,2.1163e-08,-2.9641,0,0,0,6.0287,6.1258,6.1258,6.0287,-17.255,-1.1583e-08,-14.857,90.326,-1.4862e-07,15.123
1.85,9.7103,-6.6197e-09,2.0213,-8.7854e-10,-0.57817,3.39e-10,0.81592,3.4426,3.0009e-09,2.5163,-3.0731e-10,-0.95492,-1.0916e-09,-19.057,2.104e-08,-3.1119,0,0,0,6.0629,6.1574,6.1574,6.0629,-16.346,-1.3069e-08,-14.701,91.441,-1.4852e-07,16.014
1.86,9.7438,-6.5887e-09,2.0463,-8.9393e-10,-0.58199,3.6451e-10,0.81319,3.2512,3.2107e-09,2.4845,-2.8784e-10,-0.92289,-1.1046e-09,-19.216,2.0902e-08,-3.2581,0,0,0,6.0951,6.1871,6.1871,6.0951,-15.426,-1.4553e-08,-14.537,92.502,-1.4828e-07,16.901
1.87,9.7753,-6.5555e-09,2.071,-9.102e-10,-0.58567,3.9122e-10,0.81055,3.0583,3.4189e-09,2.4511,-2.6867e-10,-0.89172,-1.1182e-09,-19.365,2.0749e-08,-3.4026,0,0,0,6.1253,6.2148,6.2148,6.1253,-14.496,-1.6034e-08,-14.363,93.508,-1.4793e-07,17.782
1.88,9.805,-6.5203e-09,2.0953,-9.2746e-10,-0.58922,4.1926e-10,0.80797,2.8639,3.6256e-09,2.4164,-2.498e-10,-0.86136,-1.1325e-09,-19.506,2.0581e-08,-3.5453,0,0,0,6.1534,6.2407,6.2407,6.1534,-13.556,-1.7511e-08,-14.181,94.457,-1.4745e-07,18.658
1.89,9.8326,-6.483e-09,2.1193,-9.4582e-10,-0.59264,4.4877e-10,0.80547,2.6682,3.8305e-09,2.3802,-2.3124e-10,-0.83176,-1.1475e-09,-19.637,2.0399e-08,-3.6862,0,0,0,6.1794,6.2645,6.2645,6.1794,-12.607,-1.8983e-08,-13.99,95.348,-1.4684e-07,19.529
1.9,9.8583,-6.4437e-09,2.1429,-9.6541e-10,-0.59592,4.7988e-10,0.80304,2.4712,4.0335e-09,2.3427,-2.1302e-10,-0.80289,-1.1632e-09,-19.758,2.0202e-08,-3.8251,0,0,0,6.2031,6.2862,6.2862,6.2031,-11.649,-2.0447e-08,-13.791,96.179,-1.461e-07,20.394
1.91,9.882,-6.4024e-09,2.1661,-9.8638e-10,-0.59908,5.1279e-10,0.80069,2.2731,4.2345e-09,2.3038,-1.9514e-10,-0.77471,-1.1796e-09,-19.87,1.999e-08,-3.962,0,0,0,6.2246,6.3057,6.3057,6.2246,-10.684,-2.1904e-08,-13.582,96.951,-1.4523e-07,21.254
1.92,9.9038,-6.359e-09,2.189,-1.0089e-09,-0.60213,5.4768e-10,0.7984,2.0739,4.4333e-09,2.2635,-1.7763e-10,-0.74717,-1.1967e-09,-19.972,1.9763e-08,-4.0967,0,0,0,6.2438,6.3231,6.3231,6.2438,-9.7105,-2.3352e-08,-13.366,97.661,-1.4422e-07,22.106
1.93,9.9235,-6.3137e-09,2.2114,-1.0331e-09,-0.60505,5.8477e-10,0.79619,1.8737,4.6297e-09,2.2218,-1.6051e-10,-0.72023,-1.2146e-09,-20.064,1.9523e-08,-4.2292,0,0,0,6.2606,6.3382,6.3382,6.2606,-8.7306,-2.4788e-08,-13.14,98.309,-1.4308e-07,22.952
1.94,9.9412,-6.2664e-09,2.2334,-1.0593e-09,-0.60786,6.2434e-10,0.79404,1.6726,4.8237e-09,2.1789,-1.4381e-10,-0.69386,-1.2332e-09,-20.146,1.9268e-08,-4.3595,0,0,0,6.275,6.351,6.351,6.275,-7.7446,-2.6213e-08,-12.907,98.892,-1.418e-07,23.791
1.95,9.957,-6.2172e-09,2.255,-1.0877e-09,-0.61056,6.6667e-10,0.79197,1.4708,5.015e-09,2.1346,-1.2755e-10,-0.66801,-1.2526e-09,-20.219,1.8999e-08,-4.4873,0,0,0,6.287,6.3615,6.3615,6.287,-6.753,-2.7624e-08,-12.664,99.411,-1.4038e-07,24.623
1.96,9.9707,-6.1661e-09,2.2761,-1.1185e-09,-0.61315,7.1211e-10,0.78996,1.2683,5.2036e-09,2.0891,-1.1177e-10,-0.64264,-1.2728e-09,-20.281,1.8715e-08,-4.6127,0,0,0,6.2964,6.3696,6.3696,6.2964,-5.7566,-2.902e-08,-12.414,99.864,-1.3881e-07,25.446
1.97,9.9823,-6.1132e-09,2.2967,-1.1522e-09,-0.61564,7.6106e-10,0.78803,1.0652,5.3893e-09,2.0424,-9.651e-11,-0.61771,-1.2939e-09,-20.334,1.8418e-08,-4.7356,0,0,0,6.3034,6.3753,6.3753,6.3034,-4.7559,-3.04e-08,-12.156,100.25,-1.3711e-07,26.262
1.98,9.992,-6.0584e-09,2.3169,-1.1891e-09,-0.61802,8.1399e-10,0.78616,0.86163,5.5719e-09,1.9944,-8.1826e-11,-0.59319,-1.3157e-09,-20.376,1.8107e-08,-4.8558,0,0,0,6.3077,6.3786,6.3786,6.3077,-3.7518,-3.1761e-08,-11.889,100.57,-1.3525e-07,27.07
1.99,9.9996,-6.0017e-09,2.3366,-1.2297e-09,-0.6203,8.7145e-10,0.78436,0.6577,5.7514e-09,1.9453,-6.777e-11,-0.56902,-1.3384e-09,-20.409,1.7783e-08,-4.9733,0,0,0,6.3095,6.3794,6.3794,6.3095,-2.7449,-3.3104e-08,-11.614,100.81,-1.3325e-07,27.869
2,10.005,-5.9433e-09,2.3558,-1.2745e-09,-0.62249,9.341e-10,0.78263,0.45349,5.9275e-09,1.895,-5.4412e-11,-0.54516,-1.362e-09,-20.431,1.7445e-08,-5.0881,0,0,0,6.3086,6.3776,6.3776,6.3086,-1.7358,-3.4426e-08,-11.332,100.99,-1.3109e-07,28.659
2.01,10.009,-5.8832e-09,2.3745,-1.3242e-09,-0.62457,1.0027e-09,0.78097,0.24911,6.1002e-09,1.8435,-4.1833e-11,-0.52159,-1.3865e-09,-20.443,1.7095e-08,-5.1999,0,0,0,6.3051,6.3733,6.3733,6.3051,-0.72532,-3.5725e-08,-11.041,101.09,-1.2878e-07,29.44
2.02,10.01,-5.8213e-09,2.3927,-1.3796e-09,-0.62656,1.0783e-09,0.77937,0.044657,6.2694e-09,1.791,-3.013e-11,-0.49824,-1.4119e-09,-20.446,1.6731e-08,-5.3089,0,0,0,6.2989,6.3665,6.3665,6.2989,0.28583,-3.7001e-08,-10.743,101.12,-1.2632e-07,30.211
2.03,10.01,-5.7578e-09,2.4103,-1.4417e-09,-0.62845,1.162e-09,0.77785,-0.15977,6.4348e-09,1.7374,-1.9419e-11,-0.47509,-1.4383e-09,-20.438,1.6355e-08,-5.4148,0,0,0,6.29,6.3571,6.3571,6.29,1.2969,-3.8251e-08,-10.437,101.08,-1.237e-07,30.972
2.04,10.007,-5.6927e-09,2.4274,-1.5117e-09,-0.63025,1.2552e-09,0.77639,-0.36406,6.5964e-09,1.6827,-9.843e-12,-0.45209,-1.4656e-09,-20.42,1.5966e-08,-5.5176,0,0,0,6.2783,6.3452,6.3452,6.2783,2.3072,-3.9474e-08,-10.123,100.96,-1.2092e-07,31.723
2.05,10.002,-5.6259e-09,2.444,-1.5912e-09,-0.63196,1.3597e-09,0.775,-0.56813,6.7541e-09,1.627,-1.5772e-12,-0.42919,-1.4939e-09,-20.392,1.5565e-08,-5.6172,0,0,0,6.264,6.3306,6.3306,6.264,3.3159,-4.0669e-08,-9.8024,100.77,-1.1798e-07,32.464
2.06,9.9955,-5.5576e-09,2.46,-1.6819e-09,-0.63358,1.4778e-09,0.77368,-0.77186,6.9077e-09,1.5704,5.1608e-12,-0.40634,-1.5232e-09,-20.353,1.5153e-08,-5.7136,0,0,0,6.2469,6.3134,6.3134,6.2469,4.3223,-4.1834e-08,-9.4741,100.49,-1.1488e-07,33.193
2.07,9.9868,-5.4878e-09,2.4754,-1.7865e-09,-0.63511,1.6124e-09,0.77242,-0.97516,7.0571e-09,1.5128,1.0097e-11,-0.38352,-1.5536e-09,-20.305,1.4729e-08,-5.8067,0,0,0,6.2271,6.2936,6.2936,6.2271,5.3255,-4.2966e-08,-9.1386,100.14,-1.1162e-07,33.912
2.08,9.976,-5.4165e-09,2.4902,-1.908e-09,-0.63654,1.7673e-09,0.77124,-1.1779,7.2022e-09,1.4542,1.2883e-11,-0.36065,-1.585e-09,-20.247,1.4294e-08,-5.8964,0,0,0,6.2045,6.2712,6.2712,6.2045,6.3248,-4.4065e-08,-8.7959,99.715,-1.082e-07,34.618
2.09,9.9632,-5.3437e-09,2.5045,-2.0509e-09,-0.63789,1.9475e-09,0.77013,-1.3801,7.343e-09,1.3949,1.3065e-11,-0.3377,-1.6175e-09,-20.179,1.3848e-08,-5.9826,0,0,0,6.1792,6.2462,6.2462,6.1792,7.3195,-4.513e-08,-8.4463,99.214,-1.0464e-07,35.312
2.1,9.9484,-5.2696e-09,2.5181,-2.2208e-09,-0.63914,2.1599e-09,0.76909,-1.5815,7.4792e-09,1.3346,1.0037e-11,-0.31462,-1.6511e-09,-20.101,1.3391e-08,-6.0653,0,0,0,6.1511,6.2186,6.2186,6.1511,8.3089,-4.6158e-08,-8.0897,98.639,-1.0093e-07,35.992
2.11,9.9316,-5.1942e-09,2.5312,-2.4259e-09,-0.64031,2.414e-09,0.76812,-1.782,7.6107e-09,1.2736,2.9655e-12,-0.29136,-1.6859e-09,-20.013,1.2925e-08,-6.1443,0,0,0,6.1203,6.1884,6.1884,6.1203,9.2921,-4.7148e-08,-7.7265,97.994,-9.7084e-08,36.66
2.12,9.9128,-5.1174e-09,2.5436,-2.6778e-09,-0.64138,2.7236e-09,0.76722,-1.9817,7.7376e-09,1.2117,-9.3346e-12,-0.26785,-1.722e-09,-19.915,1.2448e-08,-6.2198,0,0,0,6.0867,6.1556,6.1556,6.0867,10.268,-4.8099e-08,-7.3566,97.278,-9.3109e-08,37.312
2.13,9.892,-5.0394e-09,2.5554,-2.994e-09,-0.64236,3.1092e-09,0.7664,-2.1803,7.8597e-09,1.1492,-2.8616e-11,-0.24404,-1.7592e-09,-19.807,1.1963e-08,-6.2915,0,0,0,6.0504,6.1202,6.1202,6.0504,11.237,-4.901e-08,-6.9803,96.494,-8.9008e-08,37.95
2.14,9.8692,-4.9602e-09,2.5666,-3.4016e-09,-0.64325,3.603e-09,0.76565,-2.3778,7.9768e-09,1.0859,-5.7597e-11,-0.21988,-1.7977e-09,-19.69,1.1468e-08,-6.3594,0,0,0,6.0113,6.0823,6.0823,6.0113,12.198,-4.9879e-08,-6.5977,95.643,-8.4788e-08,38.572
2.15,9.8444,-4.8799e-09,2.5771,-3.9458e-09,-0.64405,4.258e-09,0.76499,-2.5741,8.089e-09,1.022,-1.0075e-10,-0.19529,-1.8376e-09,-19.563,1.0965e-08,-6.4234,0,0,0,5.9696,6.0419,6.0419,5.9696,13.15,-5.0705e-08,-6.2089,94.726,-8.0455e-08,39.179
2.16,9.8177,-4.7985e-09,2.587,-4.7068e-09,-0.64475,5.1689e-09,0.7644,-2.769,8.1961e-09,0.95746,-1.6604e-10,-0.17022,-1.8789e-09,-19.427,1.0454e-08,-6.4835,0,0,0,5.9251,5.9989,5.9989,5.9251,14.092,-5.1487e-08,-5.8141,93.745,-7.6014e-08,39.768
2.17,9.7891,-4.716e-09,2.5963,-5.8431e-09,-0.64535,6.5228e-09,0.76389,-2.9626,8.2981e-09,0.89235,-2.691e-10,-0.14459,-1.9216e-09,-19.281,9.9356e-09,-6.5397,0,0,0,5.878,5.9535,5.9535,5.878,15.025,-5.2225e-08,-5.4136,92.702,-7.1472e-08,40.341
2.18,9.7585,-4.6325e-09,2.6049,-7.7174e-09,-0.64585,8.7472e-09,0.76346,-3.1546,8.3948e-09,0.82668,-4.457e-10,-0.11833,-1.9659e-09,-19.127,9.4099e-09,-6.5918,0,0,0,5.8282,5.9057,5.9057,5.8282,15.946,-5.2917e-08,-5.0074,91.598,-6.6833e-08,40.895
2.19,9.726,-4.5481e-09,2.6128,-1.1381e-08,-0.64625,1.3082e-08,0.76313,-3.3451,8.4862e-09,0.76052,-7.9936e-10,-0.091355,-2.0117e-09,-18.963,8.8775e-09,-6.6398,0,0,0,5.7758,5.8554,5.8554,5.7758,16.857,-5.3561e-08,-4.5957,90.434,-6.2105e-08,41.431
2.2,9.6916,-4.4628e-09,2.6201,-2.1685e-08,-0.64655,2.5248e-08,0.76288,-3.5339,8.5723e-09,0.6939,-1.8077e-09,-0.063591,-2.0592e-09,-18.789,8.3388e-09,-6.6837,0,0,0,5.7207,5.8028,5.8028,5.7207,17.755,-5.4158e-08,-4.1788,89.212,-5.7292e-08,41.948
2.21,9.6553,-4.3767e-09,2.6267,-2.2545e-07,-0.64673,2.6556e-07,0.76272,-3.7208,8.653e-09,0.62686,-2.1863e-08,-0.034945,-2.1084e-09,-18.607,7.7945e-09,-6.7233,0,0,0,5.6631,5.7479,5.7479,5.6631,18.641,-5.4707e-08,-3.7568,87.934,-5.2401e-08,42.446
2.22,9.6172,-4.2898e-09,2.6326,-0.64681,-2.6983e-08,0.76265,3.2116e-08,-3.906,8.7282e-09,0.55945,-2.9922e-09,0.0053211,-2.1594e-09,-18.417,7.2448e-09,-6.7588,0,0,0,5.6907,5.6029,5.6029,5.6907,19.513,-5.5206e-08,-3.33,86.6,-4.7437e-08,42.923
2.23,9.5772,-4.2022e-09,2.6379,-0.64677,-1.2778e-08,0.76268,1.5348e-08,-4.0892,8.7979e-09,0.4917,-1.5965e-09,-0.025384,-2.2124e-09,-18.217,6.6905e-09,-6.7899,0,0,0,5.6313,5.5402,5.5402,5.6313,20.372,-5.5655e-08,-2.8984,85.213,-4.2407e-08,43.379
2.24,9.5354,-4.1139e-09,2.6424,-0.64662,-8.4004e-09,0.76282,1.017e-08,-4.2703,8.862e-09,0.42367,-1.167e-09,-0.05728,-2.2673e-09,-18.009,6.1319e-09,-6.8167,0,0,0,5.5697,5.475,5.475,5.5697,21.217,-5.6054e-08,-2.4625,83.774,-3.7316e-08,43.814
2.25,9.4918,-4.0249e-09,2.6463,-0.64633,-6.2775e-09,0.76305,7.65e-09,-4.4493,8.9205e-09,0.35538,-9.5811e-10,-0.090486,-2.3244e-09,-17.793,5.5696e-09,-6.8392,0,0,0,5.5061,5.4074,5.4074,5.5061,22.048,-5.6402e-08,-2.0222,82.284,-3.217e-08,44.227
2.26,9.4464,-3.9355e-09,2.6495,-0.64592,-5.0272e-09,0.7634,6.1589e-09,-4.6261,8.9734e-09,0.2869,-8.3375e-10,-0.12513,-2.3836e-09,-17.568,5.004e-09,-6.8572,0,0,0,5.4404,5.3373,5.3373,5.4404,22.863,-5.6697e-08,-1.578,80.745,-2.6975e-08,44.618
2.27,9.3993,-3.8455e-09,2.6521,-0.64538,-4.2053e-09,0.76386,5.1729e-09,-4.8006,9.0206e-09,0.21825,-7.5008e-10,-0.16135,-2.4452e-09,-17.336,4.4358e-09,-6.8707,0,0,0,5.3727,5.2648,5.2648,5.3727,23.662,-5.6941e-08,-1.13,79.158,-2.1736e-08,44.985
2.28,9.3504,-3.7551e-09,2.6539,-0.64469,-3.6256e-09,0.76445,4.4719e-09,-4.9728,9.0621e-09,0.1495,-6.8866e-10,-0.1993,-2.5092e-09,-17.095,3.8654e-09,-6.8798,0,0,0,5.3031,5.19,5.19,5.3031,24.446,-5.7132e-08,-0.67838,77.526,-1.646e-08,45.328
2.29,9.2998,-3.6643e-09,2.6551,-0.64385,-3.1959e-09,0.76515,3.9476e-09,-5.1425,9.0979e-09,0.080675,-6.4034e-10,-0.23914,-2.5759e-09,-16.847,3.2933e-09,-6.8843,0,0,0,5.2318,5.1128,5.1128,5.2318,25.213,-5.727e-08,-0.22348,75.848,-1.1153e-08,45.647
2.3,9.2476,-3.5731e-09,2.6555,-0.64286,-2.8657e-09,0.76599,3.5402e-09,-5.3097,9.128e-09,0.011828,-6.0003e-10,-0.28105,-2.6452e-09,-16.591,2.7202e-09,-6.8842,0,0,0,5.1587,5.0334,5.0334,5.1587,25.963,-5.7355e-08,0.23449,74.128,-5.8191e-09,45.942
2.31,9.1936,-3.4817e-09,2.6553,-0.64169,-2.605e-09,0.76696,3.2143e-09,-5.4743,9.1523e-09,-0.056994,-5.6466e-10,-0.32523,-2.7175e-09,-16.328,2.1464e-09,-6.8796,0,0,0,5.0839,4.9518,4.9518,5.0839,26.695,-5.7386e-08,0.69527,72.365,-4.6573e-10,46.21
2.32,9.1381,-3.3901e-09,2.6544,-0.64036,-2.3945e-09,0.76808,2.9473e-09,-5.6363,9.1709e-09,-0.12575,-5.3221e-10,-0.37187,-2.7928e-09,-16.057,1.5726e-09,-6.8703,0,0,0,5.0077,4.868,4.868,5.0077,27.41,-5.7364e-08,1.1586,70.563,4.9018e-09,46.453
2.33,9.0809,-3.2983e-09,2.6528,-0.63883,-2.2217e-09,0.76934,2.7243e-09,-5.7954,9.1837e-09,-0.19438,-5.0132e-10,-0.42123,-2.8712e-09,-15.78,9.9932e-10,-6.8564,0,0,0,4.93,4.7821,4.7821,4.93,28.106,-5.7288e-08,1.6242,68.721,1.0278e-08,46.669
2.34,9.0222,-3.2064e-09,2.6505,-0.63711,-2.0778e-09,0.77077,2.5349e-09,-5.9518,9.1909e-09,-0.26286,-4.7097e-10,-0.47353,-2.9531e-09,-15.495,4.2705e-10,-6.8378,0,0,0,4.851,4.6941,4.6941,4.851,28.784,-5.7159e-08,2.0919,66.843,1.5656e-08,46.857
2.35,8.9619,-3.1145e-09,2.6475,-0.63518,-1.9565e-09,0.77236,2.3718e-09,-6.1053,9.1923e-09,-0.33113,-4.4041e-10,-0.52907,-3.0386e-09,-15.204,-1.4367e-10,-6.8145,0,0,0,4.7708,4.6041,4.6041,4.7708,29.443,-5.6975e-08,2.5613,64.929,2.1031e-08,47.018
2.36,8.9001,-3.0226e-09,2.6439,-0.63302,-1.8535e-09,0.77413,2.2296e-09,-6.2559,9.188e-09,-0.39913,-4.0903e-10,-0.58814,-3.1278e-09,-14.906,-7.1228e-10,-6.7866,0,0,0,4.6895,4.512,4.512,4.6895,30.083,-5.6738e-08,3.0321,62.98,2.6396e-08,47.15
2.37,8.8368,-2.9308e-09,2.6395,-0.63062,-1.7651e-09,0.77609,2.1043e-09,-6.4034,9.178e-09,-0.46684,-3.763e-10,-0.65107,-3.221e-09,-14.602,-1.2783e-09,-6.7539,0,0,0,4.6073,4.4181,4.4181,4.6073,30.703,-5.6447e-08,3.5042,60.999,3.1747e-08,47.253
2.38,8.772,-2.8391e-09,2.6345,-0.62796,-1.6889e-09,0.77824,1.9928e-09,-6.5479,9.1624e-09,-0.5342,-3.4179e-10,-0.71823,-3.3184e-09,-14.292,-1.841e-09,-6.7165,0,0,0,4.5243,4.3223,4.3223,4.5243,31.303,-5.6103e-08,3.9771,58.987,3.7076e-08,47.326
2.39,8.7058,-2.7476e-09,2.6289,-0.62503,-1.6227e-09,0.7806,1.8926e-09,-6.6893,9.1412e-09,-0.60116,-3.0508e-10,-0.78999,-3.4202e-09,-13.976,-2.4001e-09,-6.6744,0,0,0,4.4408,4.2247,4.2247,4.4408,31.882,-5.5706e-08,4.4506,56.944,4.2379e-08,47.369
2.4,8.6383,-2.6563e-09,2.6225,-0.62179,-1.5652e-09,0.78318,1.8019e-09,-6.8274,9.1145e-09,-0.66767,-2.6581e-10,-0.8668,-3.5266e-09,-13.655,-2.955e-09,-6.6275,0,0,0,4.3567,4.1253,4.1253,4.3567,32.441,-5.5256e-08,4.9244,54.874,4.7649e-08,47.381
2.41,8.5693,-2.5653e-09,2.6155,-0.61823,-1.5148e-09,0.786,1.7192e-09,-6.9623,9.0822e-09,-0.73369,-2.236e-10,-0.94911,-3.6379e-09,-13.328,-3.5051e-09,-6.5759,0,0,0,4.2725,4.0243,4.0243,4.2725,32.98,-5.4753e-08,5.3981,52.777,5.2881e-08,47.362
2.42,8.499,-2.4746e-09,2.6078,-0.61432,-1.4707e-09,0.78906,1.6431e-09,-7.0939,9.0444e-09,-0.79917,-1.7811e-10,-1.0374,-3.7542e-09,-12.995,-4.0499e-09,-6.5195,0,0,0,4.1881,3.9216,3.9216,4.1881,33.497,-5.4198e-08,5.8715,50.654,5.8069e-08,47.311
2.43,8.4274,-2.3844e-09,2.5995,-0.61003,-1.4319e-09,0.79238,1.5727e-09,-7.2222,9.0012e-09,-0.86406,-1.2896e-10,-1.1323,-3.8758e-09,-12.658,-4.5889e-09,-6.4584,0,0,0,4.1039,3.8174,3.8174,4.1039,33.993,-5.3592e-08,6.3442,48.507,6.3206e-08,47.227
2.44,8.3546,-2.2946e-09,2.5906,-0.60534,-1.3979e-09,0.79597,1.5071e-09,-7.3471,8.9526e-09,-0.92832,-7.5808e-11,-1.2344,-4.003e-09,-12.315,-5.1215e-09,-6.3926,0,0,0,4.02,3.7118,3.7118,4.02,34.467,-5.2934e-08,6.8159,46.339,6.8287e-08,47.11
2.45,8.2805,-2.2054e-09,2.581,-0.60019,-1.3679e-09,0.79985,1.4456e-09,-7.4685,8.8988e-09,-0.9919,-1.8273e-11,-1.3443,-4.1357e-09,-11.968,-5.6474e-09,-6.3221,0,0,0,3.9367,3.6048,3.6048,3.9367,34.919,-5.2226e-08,7.2863,44.149,7.3307e-08,46.959
2.46,8.2052,-2.1167e-09,2.5707,-0.59457,-1.3416e-09,0.80404,1.3875e-09,-7.5864,8.8397e-09,-1.0547,4.4026e-11,-1.4626,-4.2743e-09,-11.617,-6.1659e-09,-6.2469,0,0,0,3.8543,3.4967,3.4967,3.8543,35.35,-5.1468e-08,7.755,41.94,7.8259e-08,46.773
2.47,8.1288,-2.0286e-09,2.5599,-0.58842,-1.3185e-09,0.80856,1.3324e-09,-7.7008,8.7755e-09,-1.1168,1.1148e-10,-1.5902,-4.4187e-09,-11.262,-6.6766e-09,-6.167,0,0,0,3.7728,3.3874,3.3874,3.7728,35.758,-5.0661e-08,8.2217,39.713,8.3137e-08,46.553
2.48,8.0512,-1.9412e-09,2.5484,-0.5817,-1.2982e-09,0.81341,1.2797e-09,-7.8117,8.7062e-09,-1.1781,1.845e-10,-1.7276,-4.5691e-09,-10.902,-7.179e-09,-6.0825,0,0,0,3.6927,3.2772,3.2772,3.6927,36.144,-4.9806e-08,8.6859,37.47,8.7936e-08,46.297
2.49,7.9726,-1.8545e-09,2.5363,-0.57435,-1.2805e-09,0.81861,1.2291e-09,-7.9189,8.6319e-09,-1.2385,2.635e-10,-1.8758,-4.7253e-09,-10.539,-7.6725e-09,-5.9933,0,0,0,3.6141,3.1664,3.1664,3.6141,36.507,-4.8903e-08,9.1475,35.212,9.265e-08,46.005
2.5,7.8929,-1.7686e-09,2.5236,-0.56632,-1.265e-09,0.82418,1.1802e-09,-8.0224,8.5528e-09,-1.2979,3.489e-10,-2.0355,-4.8872e-09,-10.172,-8.1569e-09,-5.8995,0,0,0,3.5373,3.0551,3.0551,3.5373,36.848,-4.7953e-08,9.6059,32.94,9.7273e-08,45.676
2.51,7.8121,-1.6835e-09,2.5104,-0.55755,-1.2517e-09,0.83014,1.1326e-09,-8.1223,8.4688e-09,-1.3564,4.4113e-10,-2.2073,-5.0544e-09,-9.8019,-8.6315e-09,-5.8012,0,0,0,3.4624,2.9437,2.9437,3.4624,37.166,-4.6958e-08,10.061,30.657,1.018e-07,45.31
2.52,7.7304,-1.5992e-09,2.4965,-0.54798,-1.2401e-09,0.83649,1.0861e-09,-8.2185,8.3802e-09,-1.4139,5.4059e-10,-2.3919,-5.2265e-09,-9.4287,-9.0959e-09,-5.6983,0,0,0,3.3896,2.8327,2.8327,3.3896,37.461,-4.5918e-08,10.512,28.363,1.0622e-07,44.905
2.53,7.6478,-1.5159e-09,2.4821,-0.53752,-1.2302e-09,0.84325,1.0404e-09,-8.3109,8.2869e-09,-1.4704,6.4769e-10,-2.5899,-5.4026e-09,-9.0527,-9.5497e-09,-5.591,0,0,0,3.319,2.7226,2.7226,3.319,37.733,-4.4834e-08,10.959,26.06,1.1054e-07,44.463
2.54,7.5642,-1.4335e-09,2.4671,-0.52611,-1.2218e-09,0.85042,9.9532e-10,-8.3995,8.1892e-09,-1.5257,7.6278e-10,-2.8016,-5.5818e-09,-8.6741,-9.9924e-09,-5.4792,0,0,0,3.2505,2.6141,2.6141,3.2505,37.982,-4.3707e-08,11.401,23.749,1.1474e-07,43.981
2.55,7.4798,-1.3521e-09,2.4516,-0.51367,-1.2147e-09,0.85799,9.5052e-10,-8.4843,8.0871e-09,-1.58,8.8615e-10,-3.027,-5.7627e-09,-8.2932,-1.0424e-08,-5.363,0,0,0,3.1842,2.5081,2.5081,3.1842,38.208,-4.2539e-08,11.838,21.433,1.1882e-07,43.459
2.56,7.3945,-1.2718e-09,2.4355,-0.50011,-1.2087e-09,0.86596,9.0586e-10,-8.5654,7.9808e-09,-1.633,1.018e-09,-3.2658,-5.9435e-09,-7.91,-1.0843e-08,-5.2424,0,0,0,3.1196,2.4055,2.4055,3.1196,38.411,-4.1331e-08,12.27,19.112,1.2277e-07,42.897
2.57,7.3085,-1.1925e-09,2.4189,-0.48536,-1.2037e-09,0.87431,8.6114e-10,-8.6425,7.8703e-09,-1.6848,1.1584e-09,-3.5171,-6.122e-09,-7.525,-1.125e-08,-5.1176,0,0,0,3.0563,2.3078,2.3078,3.0563,38.591,-4.0084e-08,12.696,16.789,1.2659e-07,42.294
2.58,7.2217,-1.1144e-09,2.4018,-0.46933,-1.1994e-09,0.88302,8.162e-10,-8.7158,7.7558e-09,-1.7353,1.3073e-09,-3.7793,-6.2955e-09,-7.1383,-1.1645e-08,-4.9885,0,0,0,2.9938,2.2165,2.2165,2.9938,38.747,-3.88e-08,13.116,14.463,1.3028e-07,41.65
2.59,7.1342,-1.0374e-09,2.3842,-0.45196,-1.1958e-09,0.89204,7.7092e-10,-8.7853,7.6375e-09,-1.7845,1.4644e-09,-4.0501,-6.4607e-09,-6.7502,-1.2026e-08,-4.8553,0,0,0,2.9312,2.1335,2.1335,2.9312,38.88,-3.7479e-08,13.529,12.138,1.3382e-07,40.963
2.6,7.046,-9.6163e-10,2.3661,-0.43319,-1.1926e-09,0.9013,7.2518e-10,-8.8508,7.5154e-09,-1.8324,1.6291e-09,-4.3259,-6.614e-09,-6.3608,-1.2394e-08,-4.718,0,0,0,2.8674,2.0608,2.0608,2.8674,38.99,-3.6124e-08,13.935,9.8145,1.3721e-07,40.234
2.61,6.9572,-8.871e-10,2.3476,-0.41296,-1.1896e-09,0.91075,6.7892e-10,-8.9125,7.3896e-09,-1.8789,1.8005e-09,-4.6024,-6.751e-09,-5.9704,-1.2748e-08,-4.5766,0,0,0,2.8013,2.0007,2.0007,2.8013,39.076,-3.4736e-08,14.334,7.4937,1.4045e-07,39.461
2.62,6.8678,-8.1385e-10,2.3286,-0.39127,-1.1866e-09,0.92028,6.3212e-10,-8.9703,7.2604e-09,-1.9239,1.9773e-09,-4.8738,-6.8672e-09,-5.5793,-1.3089e-08,-4.4313,0,0,0,2.7318,1.9554,1.9554,2.7318,39.139,-3.3316e-08,14.724,5.1774,1.4352e-07,38.645
2.63,6.7778,-7.419e-10,2.3091,-0.36812,-1.1834e-09,0.92978,5.8481e-10,-9.0241,7.1279e-09,-1.9675,2.1578e-09,-5.1333,-6.9578e-09,-5.1877,-1.3415e-08,-4.2822,0,0,0,2.6579,1.927,1.927,2.6579,39.18,-3.1866e-08,15.106,2.867,1.4643e-07,37.784
2.64,6.6873,-6.713e-10,2.2892,-0.34357,-1.1798e-09,0.93913,5.3707e-10,-9.074,6.9922e-09,-2.0096,2.3402e-09,-5.3732,-7.0181e-09,-4.7958,-1.3726e-08,-4.1292,0,0,0,2.5791,1.9171,1.9171,2.5791,39.197,-3.0388e-08,15.48,0.56403,1.4917e-07,36.878
2.65,6.5963,-6.0207e-10,2.2689,-0.3177,-1.1754e-09,0.94819,4.8905e-10,-9.12,6.8534e-09,-2.0501,2.5218e-09,-5.5852,-7.044e-09,-4.4039,-1.4022e-08,-3.9726,0,0,0,2.4955,1.9268,1.9268,2.4955,39.191,-2.8883e-08,15.844,-1.73,1.5172e-07,35.927
2.66,6.5049,-5.3424e-10,2.2482,-0.29066,-1.1702e-09,0.95683,4.4094e-10,-9.1621,6.7118e-09,-2.089,2.7001e-09,-5.7611,-7.0321e-09,-4.0121,-1.4303e-08,-3.8124,0,0,0,2.4079,1.9559,1.9559,2.4079,39.162,-2.7354e-08,16.198,-4.0136,1.5409e-07,34.929
2.67,6.4131,-4.6784e-10,2.2271,-0.26265,-1.1638e-09,0.96489,3.93e-10,-9.2002,6.5674e-09,-2.1263,2.8722e-09,-5.8934,-6.9801e-09,-3.6207,-1.4569e-08,-3.6487,0,0,0,2.3185,2.0033,2.0033,2.3185,39.111,-2.5802e-08,16.542,-6.2853,1.5628e-07,33.885
2.68,6.3209,-4.029e-10,2.2057,-0.23388,-1.1562e-09,0.97226,3.4553e-10,-9.2345,6.4205e-09,-2.162,3.0352e-09,-5.9759,-6.8873e-09,-3.2299,-1.4819e-08,-3.4816,0,0,0,2.2301,2.0666,2.0666,2.2301,39.037,-2.4229e-08,16.876,-8.5436,1.5826e-07,32.793
2.69,6.2284,-3.3944e-10,2.1839,-0.20464,-1.1472e-09,0.97884,2.9887e-10,-9.2649,6.2711e-09,-2.1959,3.1866e-09,-6.0047,-6.7546e-09,-2.84,-1.5054e-08,-3.3112,0,0,0,2.1463,2.1426,2.1426,2.1463,38.94,-2.2637e-08,17.198,-10.787,1.6005e-07,31.653
2.7,6.1356,-2.7749e-10,2.1618,-0.17521,-1.1367e-09,0.98453,2.5336e-10,-9.2913,6.1194e-09,-2.2282,3.3241e-09,-5.9785,-6.5847e-09,-2.4512,-1.5272e-08,-3.1377,0,0,0,2.0713,2.2273,2.2273,2.0713,38.821,-2.1029e-08,17.508,-13.014,1.6162e-07,30.464
2.71,6.0426,-2.1706e-10,2.1393,-0.14588,-1.1247e-09,0.9893,2.0933e-10,-9.3139,5.9657e-09,-2.2587,3.4458e-09,-5.8985,-6.3818e-09,-2.0637,-1.5474e-08,-2.9611,0,0,0,2.009,2.3167,2.3167,2.009,38.68,-1.9405e-08,17.807,-15.223,1.6298e-07,29.226
2.72,5.9494,-1.5818e-10,2.1166,-0.11694,-1.1113e-09,0.99314,1.6709e-10,-9.3326,5.81e-09,-2.2874,3.5508e-09,-5.7688,-6.1512e-09,-1.6777,-1.566e-08,-2.7816,0,0,0,1.9626,2.4071,2.4071,1.9626,38.517,-1.777e-08,18.093,-17.413,1.6413e-07,27.939
2.73,5.856,-1.0086e-10,2.0936,-0.088669,-1.0965e-09,0.99606,1.2689e-10,-9.3474,5.6525e-09,-2.3143,3.6384e-09,-5.5955,-5.8991e-09,-1.2934,-1.583e-08,-2.5993,0,0,0,1.9345,2.4956,2.4956,1.9345,38.332,-1.6124e-08,18.366,-19.582,1.6504e-07,26.601
2.74,5.7624,-4.5133e-11,2.0703,-0.06128,-1.0804e-09,0.99812,8.895e-11,-9.3585,5.4935e-09,-2.3394,3.7087e-09,-5.3861,-5.6319e-09,-0.91114,-1.5983e-08,-2.4143,0,0,0,1.926,2.5802,2.5802,1.926,38.125,-1.447e-08,18.625,-21.729,1.6573e-07,25.212
2.75,5.6688,9.0001e-12,2.0468,-0.034964,-1.0632e-09,0.99939,5.3402e-11,-9.3657,5.3329e-09,-2.3626,3.7624e-09,-5.1489,-5.3557e-09,-0.53101,-1.6119e-08,-2.2268,0,0,0,1.937,2.66,2.66,1.937,37.897,-1.281e-08,18.87,-23.852,1.6618e-07,23.771
2.76,5.5751,6.1521e-11,2.0231,-0.0098616,-1.0451e-09,0.99995,2.0327e-11,-9.3691,5.1711e-09,-2.3839,3.8006e-09,-4.8921,-5.0763e-09,-0.15326,-1.6239e-08,-2.037,0,0,0,1.9666,2.735,2.735,1.9666,37.648,-1.1147e-08,19.1,-25.95,1.6639e-07,22.279
2.77,5.4815,1.1242e-10,1.9991,-0.01393,1.0261e-09,-0.9999,1.025e-11,-9.3687,5.0082e-09,-2.4033,3.8244e-09,-4.6235,-4.7987e-09,0.22188,-1.6342e-08,-1.8449,0,0,0,2.0132,2.8055,2.8055,2.0132,37.378,-9.4828e-09,19.315,-28.022,1.6636e-07,20.738
2.78,5.3878,1.6168e-10,1.975,-0.036357,1.0066e-09,-0.99934,3.8355e-11,-9.3647,4.8444e-09,-2.4208,3.8354e-09,-4.3499,-4.5269e-09,0.59423,-1.6428e-08,-1.6507,0,0,0,2.0746,2.8727,2.8727,2.0746,37.088,-7.8202e-09,19.514,-30.067,1.6611e-07,19.149
2.79,5.2942,2.093e-10,1.9507,-0.0574,9.8649e-10,-0.99835,6.4056e-11,-9.3569,4.6797e-09,-2.4363,3.8352e-09,-4.077,-4.2641e-09,0.96357,-1.6498e-08,-1.4546,0,0,0,2.1488,2.9377,2.9377,2.1488,36.777,-6.1614e-09,19.698,-32.086,1.6563e-07,17.515
2.8,5.2007,2.5527e-10,1.9263,-0.077068,9.6608e-10,-0.99703,8.7449e-11,-9.3454,4.5144e-09,-2.4499,3.8253e-09,-3.8093,-4.0126e-09,1.3297,-1.6552e-08,-1.2568,0,0,0,2.2332,3.0016,3.0016,2.2332,36.446,-4.5085e-09,19.865,-34.077,1.6493e-07,15.837
2.81,5.1073,2.9959e-10,1.9017,-0.095394,9.4543e-10,-0.99544,1.0865e-10,-9.3303,4.3487e-09,-2.4614,3.807e-09,-3.5502,-3.7738e-09,1.6924,-1.6589e-08,-1.0574,0,0,0,2.3261,3.0653,3.0653,2.3261,36.095,-2.8636e-09,20.014,-36.04,1.6401e-07,14.119
2.82,5.0141,3.4225e-10,1.8771,-0.11243,9.2465e-10,-0.99366,1.278e-10,-9.3116,4.1827e-09,-2.471,3.7819e-09,-3.3022,-3.5488e-09,2.0515,-1.6609e-08,-0.85658,0,0,0,2.4253,3.1299,3.1299,2.4253,35.725,-1.2289e-09,20.147,-37.974,1.6289e-07,12.362
2.83,4.9211,3.8324e-10,1.8523,-0.12823,9.0383e-10,-0.99174,1.4503e-10,-9.2893,4.0166e-09,-2.4786,3.751e-09,-3.0667,-3.3378e-09,2.4069,-1.6613e-08,-0.65452,0,0,0,2.5295,3.1958,3.1958,2.5295,35.336,3.9348e-10,20.262,-39.879,1.6156e-07,10.568
2.84,4.8283,4.2258e-10,1.8275,-0.14286,8.8304e-10,-0.98974,1.6048e-10,-9.2634,3.8505e-09,-2.4841,3.7154e-09,-2.8447,-3.1409e-09,2.7582,-1.6601e-08,-0.45141,0,0,0,2.6372,3.2636,3.2636,2.6372,34.928,2.0016e-09,20.358,-41.754,1.6004e-07,8.7396
2.85,4.7358,4.6026e-10,1.8027,-0.15641,8.6234e-10,-0.98769,1.743e-10,-9.2341,3.6846e-09,-2.4876,3.676e-09,-2.6365,-2.9577e-09,3.1054,-1.6573e-08,-0.24742,0,0,0,2.7474,3.3334,3.3334,2.7474,34.501,3.5936e-09,20.436,-43.598,1.5832e-07,6.8788
2.86,4.6436,4.9627e-10,1.7778,-0.16893,8.4177e-10,-0.98563,1.8662e-10,-9.2013,3.5191e-09,-2.4891,3.6337e-09,-2.4421,-2.7877e-09,3.4482,-1.6529e-08,-0.042747,0,0,0,2.8592,3.4055,3.4055,2.8592,34.056,5.1674e-09,20.496,-45.41,1.5642e-07,4.9876
2.87,4.5518,5.3064e-10,1.7529,-0.1805,8.2138e-10,-0.98358,1.9756e-10,-9.1652,3.3541e-09,-2.4885,3.5891e-09,-2.2611,-2.6302e-09,3.7864,-1.647e-08,0.16243,0,0,0,2.972,3.4797,3.4797,2.972,33.593,6.7213e-09,20.536,-47.191,1.5433e-07,3.0683
2.88,4.4603,5.6336e-10,1.728,-0.19119,8.0119e-10,-0.98155,2.0725e-10,-9.1256,3.1898e-09,-2.4858,3.5427e-09,-2.0931,-2.4846e-09,4.12,-1.6395e-08,0.36791,0,0,0,3.085,3.556,3.556,3.085,33.112,8.2535e-09,20.557,-48.939,1.5207e-07,1.123
2.89,4.3693,5.9444e-10,1.7032,-0.20107,7.8124e-10,-0.97958,2.1579e-10,-9.0828,3.0262e-09,-2.4811,3.495e-09,-1.9374,-2.3501e-09,4.4486,-1.6305e-08,0.5735,0,0,0,3.1981,3.6343,3.6343,3.1981,32.614,9.7622e-09,20.558,-50.655,1.4964e-07,-0.84619
2.9,4.2787,6.2389e-10,1.6784,-0.21019,7.6152e-10,-0.97766,2.2331e-10,-9.0367,2.8637e-09,-2.4743,3.4464e-09,-1.7932,-2.2257e-09,4.7722,-1.62e-08,0.77901,0,0,0,3.3106,3.7144,3.7144,3.3106,32.099,1.1246e-08,20.54,-52.336,1.4704e-07,-2.8371
2.91,4.1886,6.5172e-10,1.6537,-0.21862,7.4207e-10,-0.97581,2.2989e-10,-8.9874,2.7023e-09,-2.4655,3.3973e-09,-1.6598,-2.1109e-09,5.0905,-1.608e-08,0.98423,0,0,0,3.4225,3.7959,3.7959,3.4225,31.568,1.2703e-08,20.501,-53.983,1.4429e-07,-4.8476
2.92,4.0989,6.7794e-10,1.6291,-0.2264,7.2289e-10,-0.97403,2.3562e-10,-8.9349,2.5421e-09,-2.4546,3.3478e-09,-1.5364,-2.0048e-09,5.4035,-1.5946e-08,1.189,0,0,0,3.5335,3.8787,3.8787,3.5335,31.02,1.4131e-08,20.443,-55.596,1.4138e-07,-6.8756
2.93,4.0099,7.0256e-10,1.6046,-0.2336,7.0398e-10,-0.97233,2.4058e-10,-8.8793,2.3834e-09,-2.4417,3.2983e-09,-1.4224,-1.9067e-09,5.7109,-1.5798e-08,1.393,0,0,0,3.6433,3.9625,3.9625,3.6433,30.456,1.553e-08,20.364,-57.172,1.3832e-07,-8.9188
2.94,3.9214,7.2561e-10,1.5803,-0.24025,6.8535e-10,-0.97071,2.4485e-10,-8.8207,2.2262e-09,-2.4268,3.2489e-09,-1.3169,-1.8161e-09,6.0126,-1.5635e-08,1.5962,0,0,0,3.7518,4.0471,4.0471,3.7518,29.876,1.6897e-08,20.264,-58.713,1.3511e-07,-10.975
2.95,3.8335,7.4709e-10,1.5561,-0.24639,6.6701e-10,-0.96917,2.485e-10,-8.7591,2.0708e-09,-2.4098,3.1997e-09,-1.2193,-1.7321e-09,6.3084,-1.546e-08,1.7982,0,0,0,3.859,4.1322,4.1322,3.859,29.282,1.8231e-08,20.144,-60.217,1.3177e-07,-13.043
2.96,3.7462,7.6703e-10,1.5321,-0.25208,6.4895e-10,-0.96771,2.5159e-10,-8.6945,1.9171e-09,-2.3908,3.1508e-09,-1.129,-1.6543e-09,6.5981,-1.5271e-08,1.999,0,0,0,3.9646,4.2176,4.2176,3.9646,28.672,1.9532e-08,20.004,-61.683,1.283e-07,-15.119
2.97,3.6596,7.8544e-10,1.5083,-0.25733,6.3117e-10,-0.96632,2.5417e-10,-8.6271,1.7654e-09,-2.3698,3.1024e-09,-1.0454,-1.5822e-09,6.8818,-1.5069e-08,2.1982,0,0,0,4.0687,4.303,4.303,4.0687,28.048,2.0797e-08,19.842,-63.112,1.2469e-07,-17.202
2.98,3.5737,8.0235e-10,1.4847,-0.26219,6.1368e-10,-0.96502,2.5631e-10,-8.5569,1.6157e-09,-2.3469,3.0545e-09,-0.9679,-1.5153e-09,7.1591,-1.4855e-08,2.3958,0,0,0,4.171,4.3882,4.3882,4.171,27.41,2.2025e-08,19.66,-64.501,1.2097e-07,-19.29
2.99,3.4885,8.1776e-10,1.4613,-0.26668,5.9647e-10,-0.96379,2.5804e-10,-8.484,1.4683e-09,-2.3219,3.0073e-09,-0.89602,-1.453e-09,7.4299,-1.4629e-08,2.5914,0,0,0,4.2715,4.4731,4.4731,4.2715,26.758,2.3216e-08,19.456,-65.852,1.1713e-07,-21.38
3,3.404,8.3172e-10,1.4383,-0.27083,5.7954e-10,-0.96263,2.5942e-10,-8.4083,1.3232e-09,-2.2951,2.9606e-09,-0.82931,-1.3951e-09,7.6942,-1.4391e-08,2.7848,0,0,0,4.3702,4.5573,4.5573,4.3702,26.093,2.4368e-08,19.232,-67.163,1.1318e-07,-23.471
3.01,3.3203,8.4424e-10,1.4154,-0.27467,5.6289e-10,-0.96154,2.6048e-10,-8.3301,1.1805e-09,-2.2662,2.9146e-09,-0.76732,-1.3412e-09,7.9517,-1.4142e-08,2.9759,0,0,0,4.4669,4.6408,4.6408,4.4669,25.415,2.5479e-08,18.987,-68.433,1.0912e-07,-25.559
3.02,3.2374,8.5534e-10,1.3929,-0.27822,5.4652e-10,-0.96052,2.6126e-10,-8.2493,1.0404e-09,-2.2355,2.8693e-09,-0.70968,-1.2908e-09,8.2024,-1.3881e-08,3.1645,0,0,0,4.5615,4.7234,4.7234,4.5615,24.725,2.655e-08,18.721,-69.663,1.0496e-07,-27.644
3.03,3.1553,8.6505e-10,1.3707,-0.28149,5.3042e-10,-0.95956,2.618e-10,-8.1661,9.0294e-10,-2.203,2.8247e-09,-0.65602,-1.2438e-09,8.4462,-1.3611e-08,3.3503,0,0,0,4.6541,4.8048,4.8048,4.6541,24.022,2.7578e-08,18.434,-70.85,1.007e-07,-29.723
3.04,3.0741,8.7341e-10,1.3489,-0.28452,5.1459e-10,-0.95867,2.6212e-10,-8.0804,7.6823e-10,-2.1685,2.7809e-09,-0.60603,-1.1998e-09,8.6828,-1.333e-08,3.5331,0,0,0,4.7445,4.885,4.885,4.7445,23.308,2.8563e-08,18.126,-71.996,9.6362e-08,-31.793
3.05,2.9937,8.8043e-10,1.3274,-0.28731,4.9903e-10,-0.95784,2.6225e-10,-7.9925,6.3637e-10,-2.1323,2.7378e-09,-0.5594,-1.1586e-09,8.9123,-1.304e-08,3.7127,0,0,0,4.8327,4.9638,4.9638,4.8327,22.582,2.9505e-08,17.798,-73.098,9.1934e-08,-33.854
3.06,2.9142,8.8614e-10,1.3062,-0.28988,4.8373e-10,-0.95706,2.6222e-10,-7.9022,5.0747e-10,-2.0943,2.6954e-09,-0.51587,-1.12e-09,9.1345,-1.274e-08,3.889,0,0,0,4.9186,5.0411,5.0411,4.9186,21.846,3.0402e-08,17.449,-74.157,8.7428e-08,-35.901
3.07,2.8357,8.9059e-10,1.2855,-0.29225,4.6869e-10,-0.95634,2.6205e-10,-7.8098,3.816e-10,-2.0545,2.6538e-09,-0.47518,-1.0837e-09,9.3492,-1.2432e-08,4.0617,0,0,0,5.0021,5.1167,5.1167,5.0021,21.099,3.1253e-08,17.08,-75.172,8.2848e-08,-37.934
3.08,2.7581,8.9379e-10,1.2652,-0.29443,4.5392e-10,-0.95567,2.6177e-10,-7.7153,2.5886e-10,-2.0131,2.6129e-09,-0.43712,-1.0495e-09,9.5564,-1.2115e-08,4.2305,0,0,0,5.0832,5.1905,5.1905,5.0832,20.343,3.2058e-08,16.691,-76.142,7.8201e-08,-39.95
3.09,2.6814,8.9578e-10,1.2452,-0.29643,4.3939e-10,-0.95505,2.614e-10,-7.6187,1.3932e-10,-1.9699,2.5728e-09,-0.40147,-1.0174e-09,9.756,-1.1791e-08,4.3954,0,0,0,5.1619,5.2623,5.2623,5.1619,19.577,3.2817e-08,16.281,-77.067,7.349e-08,-41.948
3.1,2.6057,8.9658e-10,1.2258,-0.29827,4.2512e-10,-0.95448,2.6095e-10,-7.5202,2.3066e-11,-1.9252,2.5334e-09,-0.36806,-9.8705e-10,9.9479,-1.1459e-08,4.5561,0,0,0,5.238,5.3322,5.3322,5.238,18.802,3.3528e-08,15.852,-77.946,6.8723e-08,-43.924
3.11,2.531,8.9625e-10,1.2067,-0.29995,4.111e-10,-0.95396,2.6044e-10,-7.4198,-8.9837e-11,-1.8788,2.4948e-09,-0.3367,-9.5842e-10,10.132,-1.112e-08,4.7124,0,0,0,5.3115,5.3999,5.3999,5.3115,18.018,3.4191e-08,15.403,-78.778,6.3904e-08,-45.877
3.12,2.4573,8.948e-10,1.1882,-0.30148,3.9732e-10,-0.95347,2.5989e-10,-7.3175,-1.9932e-10,-1.831,2.4568e-09,-0.30723,-9.3135e-10,10.308,-1.0775e-08,4.8641,0,0,0,5.3823,5.4654,5.4654,5.3823,17.226,3.4806e-08,14.934,-79.564,5.9038e-08,-47.804
3.13,2.3846,8.9227e-10,1.1701,-0.30288,3.8379e-10,-0.95303,2.5932e-10,-7.2136,-3.0532e-10,-1.7816,2.4196e-09,-0.27953,-9.0572e-10,10.477,-1.0424e-08,5.011,0,0,0,5.4504,5.5286,5.5286,5.4504,16.427,3.5372e-08,14.447,-80.301,5.4132e-08,-49.704
3.14,2.313,8.887e-10,1.1526,-0.30415,3.705e-10,-0.95262,2.5873e-10,-7.108,-4.0779e-10,-1.7308,2.3831e-09,-0.25344,-8.8142e-10,10.637,-1.0068e-08,5.1529,0,0,0,5.5157,5.5894,5.5894,5.5157,15.62,3.5889e-08,13.94,-80.99,4.919e-08,-51.575
3.15,2.2425,8.8413e-10,1.1355,-0.3053,3.5744e-10,-0.95226,2.5814e-10,-7.0009,-5.0667e-10,-1.6785,2.3473e-09,-0.22886,-8.5835e-10,10.789,-9.7068e-09,5.2897,0,0,0,5.5782,5.6477,5.6477,5.5782,14.807,3.6356e-08,13.415,-81.63,4.4218e-08,-53.414
3.16,2.173,8.7858e-10,1.119,-0.30633,3.4462e-10,-0.95192,2.5756e-10,-6.8923,-6.0191e-10,-1.625,2.3122e-09,-0.20567,-8.3642e-10,10.933,-9.3412e-09,5.4212,0,0,0,5.6379,5.7035,5.7035,5.6379,13.988,3.6773e-08,12.872,-82.221,3.9221e-08,-55.219
3.17,2.1046,8.721e-10,1.103,-0.30726,3.3202e-10,-0.95163,2.57e-10,-6.7823,-6.9348e-10,-1.5701,2.2777e-09,-0.18376,-8.1555e-10,11.069,-8.9715e-09,5.5471,0,0,0,5.6946,5.7566,5.7566,5.6946,13.163,3.714e-08,12.311,-82.761,3.4204e-08,-56.987
3.18,2.0374,8.6473e-10,1.0876,-0.30808,3.1966e-10,-0.95136,2.5647e-10,-6.6709,-7.8133e-10,-1.5141,2.2439e-09,-0.16304,-7.9567e-10,11.196,-8.5985e-09,5.6674,0,0,0,5.7483,5.807,5.807,5.7483,12.333,3.7457e-08,11.733,-83.25,2.9174e-08,-58.718
3.19,1.9712,8.5649e-10,1.0727,-0.30881,3.0752e-10,-0.95112,2.5599e-10,-6.5584,-8.6544e-10,-1.4568,2.2108e-09,-0.14343,-7.767e-10,11.315,-8.2226e-09,5.7817,0,0,0,5.799,5.8546,5.8546,5.799,11.498,3.7723e-08,11.137,-83.688,2.4135e-08,-60.408
3.2,1.9062,8.4743e-10,1.0585,-0.30945,2.956e-10,-0.95092,2.5555e-10,-6.4447,-9.4578e-10,-1.3984,2.1782e-09,-0.12485,-7.5858e-10,11.426,-7.8442e-09,5.89,0,0,0,5.8467,5.8994,5.8994,5.8467,10.659,3.794e-08,10.525,-84.074,1.9094e-08,-62.056
3.21,1.8423,8.3759e-10,1.0448,-0.31,2.8391e-10,-0.95074,2.5517e-10,-6.3299,-1.0223e-09,-1.339,2.1464e-09,-0.10721,-7.4125e-10,11.528,-7.464e-09,5.9921,0,0,0,5.8912,5.9412,5.9412,5.8912,9.8167,3.8105e-08,9.8959,-84.408,1.4054e-08,-63.659
3.22,1.7796,8.27e-10,1.0317,-0.31047,2.7242e-10,-0.95058,2.5485e-10,-6.2141,-1.0951e-09,-1.2786,2.1151e-09,-0.090449,-7.2465e-10,11.622,-7.0823e-09,6.0879,0,0,0,5.9326,5.9802,5.9802,5.9326,8.9712,3.8221e-08,9.2515,-84.688,9.0222e-09,-65.216
3.23,1.7181,8.157e-10,1.0192,-0.31086,2.6116e-10,-0.95046,2.546e-10,-6.0975,-1.164e-09,-1.2173,2.0844e-09,-0.074505,-7.0874e-10,11.708,-6.6997e-09,6.1771,0,0,0,5.9708,6.0161,6.0161,5.9708,8.1231,3.8286e-08,8.5917,-84.914,4.0034e-09,-66.723
3.24,1.6577,8.0373e-10,1.0073,-0.31118,2.501e-10,-0.95035,2.5442e-10,-5.98,-1.229e-09,-1.1551,2.0543e-09,-0.059316,-6.9347e-10,11.785,-6.3167e-09,6.2597,0,0,0,6.0057,6.0489,6.0489,6.0057,7.2731,3.8301e-08,7.9172,-85.085,-9.9683e-10,-68.18
3.25,1.5985,7.9113e-10,0.99611,-0.31143,2.3925e-10,-0.95027,2.5433e-10,-5.8618,-1.2903e-09,-1.0921,2.0248e-09,-0.044826,-6.788e-10,11.853,-5.9339e-09,6.3354,0,0,0,6.0374,6.0787,6.0787,6.0374,6.4216,3.8266e-08,7.2283,-85.202,-5.9732e-09,-69.583
3.26,1.5404,7.7794e-10,0.98551,-0.31161,2.2861e-10,-0.95021,2.5433e-10,-5.743,-1.3477e-09,-1.0284,1.9959e-09,-0.030984,-6.6469e-10,11.913,-5.5516e-09,6.4042,0,0,0,6.0659,6.1053,6.1053,6.0659,5.5693,3.8181e-08,6.5257,-85.263,-1.092e-08,-70.932
3.27,1.4836,7.6419e-10,0.97554,-0.31172,2.1817e-10,-0.95017,2.5441e-10,-5.6236,-1.4013e-09,-0.96406,1.9675e-09,-0.017739,-6.5111e-10,11.965,-5.1704e-09,6.4659,0,0,0,6.0909,6.1287,6.1287,6.0909,4.7166,3.8048e-08,5.8099,-85.267,-1.5833e-08,-72.222
3.28,1.428,7.4992e-10,0.96623,-0.31178,2.0793e-10,-0.95016,2.5459e-10,-5.5037,-1.4511e-09,-0.89912,1.9397e-09,-0.0050467,-6.3801e-10,12.008,-4.7908e-09,6.5204,0,0,0,6.1127,6.1489,6.1489,6.1127,3.8641,3.7865e-08,5.0815,-85.215,-2.0705e-08,-73.453
3.29,1.3735,7.3518e-10,0.95756,-0.31177,1.9789e-10,-0.95016,2.5488e-10,-5.3834,-1.4972e-09,-0.83367,1.9123e-09,0.0071367,-6.2537e-10,12.042,-4.4133e-09,6.5675,0,0,0,6.131,6.1658,6.1658,6.131,3.0125,3.7634e-08,4.341,-85.105,-2.5531e-08,-74.623
3.3,1.3203,7.1999e-10,0.94955,-0.31171,1.8805e-10,-0.95018,2.5526e-10,-5.2629,-1.5394e-09,-0.76779,1.8855e-09,0.018852,-6.1315e-10,12.068,-4.0383e-09,6.6071,0,0,0,6.146,6.1795,6.1795,6.146,2.1622,3.7354e-08,3.5892,-84.936,-3.0307e-08,-75.728
3.31,1.2683,7.044e-10,0.94221,-0.31159,1.7839e-10,-0.95022,2.5575e-10,-5.1421,-1.5779e-09,-0.70155,1.8592e-09,0.030137,-6.0134e-10,12.085,-3.6663e-09,6.6392,0,0,0,6.1575,6.1898,6.1898,6.1575,1.3139,3.7028e-08,2.8267,-84.709,-3.5026e-08,-76.768
3.32,1.2175,6.8845e-10,0.93552,-0.31142,1.6893e-10,-0.95027,2.5635e-10,-5.0212,-1.6127e-09,-0.63503,1.8334e-09,0.041028,-5.8991e-10,12.094,-3.2979e-09,6.6636,0,0,0,6.1656,6.1968,6.1968,6.1656,0.46821,3.6654e-08,2.0541,-84.423,-3.9684e-08,-77.739
3.33,1.1679,6.7216e-10,0.92951,-0.3112,1.5966e-10,-0.95034,2.5706e-10,-4.9003,-1.6439e-09,-0.56831,1.808e-09,0.051561,-5.7883e-10,12.095,-2.9334e-09,6.6803,0,0,0,6.1703,6.2004,6.2004,6.1703,-0.37434,3.6234e-08,1.2721,-84.077,-4.4275e-08,-78.64
3.34,1.1195,6.5558e-10,0.92416,-0.31093,1.5057e-10,-0.95043,2.5789e-10,-4.7793,-1.6714e-09,-0.50145,1.7831e-09,0.061769,-5.6809e-10,12.087,-2.5733e-09,6.6891,0,0,0,6.1714,6.2007,6.2007,6.1714,-1.2131,3.5769e-08,0.48153,-83.67,-4.8792e-08,-79.469
3.35,1.0723,6.3874e-10,0.91948,-0.31062,1.4166e-10,-0.95054,2.5883e-10,-4.6586,-1.6954e-09,-0.43455,1.7587e-09,0.071682,-5.5765e-10,12.07,-2.2182e-09,6.6899,0,0,0,6.1691,6.1976,6.1976,6.1691,-2.0475,3.5259e-08,-0.317,-83.202,-5.3232e-08,-80.223
3.36,1.0263,6.2168e-10,0.91547,-0.31025,1.3294e-10,-0.95065,2.5989e-10,-4.538,-1.7158e-09,-0.36768,1.7347e-09,0.081332,-5.4751e-10,12.046,-1.8683e-09,6.6827,0,0,0,6.1633,6.1911,6.1911,6.1633,-2.8769,3.4705e-08,-1.1227,-82.672,-5.7589e-08,-80.9
3.37,0.98151,6.0444e-10,0.91212,-0.30984,1.2439e-10,-0.95079,2.6108e-10,-4.4177,-1.7328e-09,-0.30093,1.7112e-09,0.090749,-5.3764e-10,12.013,-1.5242e-09,6.6674,0,0,0,6.154,6.1812,6.1812,6.154,-3.7008,3.4107e-08,-1.9347,-82.079,-6.1857e-08,-81.499
3.38,0.93793,5.8704e-10,0.90945,-0.30939,1.1602e-10,-0.95094,2.6238e-10,-4.2977,-1.7463e-09,-0.23436,1.688e-09,0.099961,-5.2803e-10,11.972,-1.1863e-09,6.644,0,0,0,6.1413,6.1678,6.1678,6.1413,-4.5183,3.3468e-08,-2.7524,-81.424,-6.603e-08,-82.016
3.39,0.89555,5.6952e-10,0.90744,-0.30889,1.0783e-10,-0.9511,2.6381e-10,-4.1783,-1.7565e-09,-0.16807,1.6653e-09,0.109,-5.1866e-10,11.923,-8.5501e-10,6.6123,0,0,0,6.125,6.1511,6.1511,6.125,-5.329,3.2787e-08,-3.5748,-80.704,-7.0104e-08,-82.451
3.4,0.85436,5.5192e-10,0.90608,-0.30835,9.981e-11,-0.95127,2.6536e-10,-4.0593,-1.7634e-09,-0.10214,1.6429e-09,0.11788,-5.0952e-10,11.865,-5.3071e-10,6.5725,0,0,0,6.1053,6.1309,6.1309,6.1053,-6.1322,3.2066e-08,-4.4011,-79.921,-7.4073e-08,-82.8
3.41,0.81436,5.3426e-10,0.90539,-0.30777,9.1959e-11,-0.95146,2.6705e-10,-3.941,-1.7672e-09,-0.036652,1.621e-09,0.12664,-5.006e-10,11.8,-2.1382e-10,6.5243,0,0,0,6.082,6.1074,6.1074,6.082,-6.9272,3.1306e-08,-5.2305,-79.073,-7.7932e-08,-83.062
3.42,0.77554,5.1659e-10,0.90535,-0.30715,8.4277e-11,-0.95166,2.6885e-10,-3.8233,-1.7677e-09,0.028315,1.5994e-09,0.13531,-4.9187e-10,11.727,9.5278e-11,6.4679,0,0,0,6.0554,6.0805,6.0805,6.0554,-7.7134,3.0508e-08,-6.062,-78.159,-8.1675e-08,-83.234
3.43,0.73789,4.9892e-10,0.90596,-0.30648,7.6761e-11,-0.95188,2.7079e-10,-3.7065,-1.7653e-09,0.092677,1.5781e-09,0.1439,-4.8333e-10,11.646,3.9621e-10,6.4031,0,0,0,6.0252,6.0502,6.0502,6.0252,-8.4902,2.9673e-08,-6.8949,-77.179,-8.5296e-08,-83.314
3.44,0.70141,4.8129e-10,0.9072,-0.30578,6.9411e-11,-0.9521,2.7286e-10,-3.5905,-1.7598e-09,0.15635,1.5572e-09,0.15246,-4.7497e-10,11.557,6.8861e-10,6.33,0,0,0,5.9916,6.0165,6.0165,5.9916,-9.2568,2.8802e-08,-7.728,-76.132,-8.8791e-08,-83.301
3.45,0.66608,4.6373e-10,0.90908,-0.30503,6.2224e-11,-0.95234,2.7505e-10,-3.4754,-1.7515e-09,0.21925,1.5366e-09,0.16099,-4.6677e-10,11.461,9.7214e-10,6.2485,0,0,0,5.9547,5.9795,5.9795,5.9547,-10.013,2.7897e-08,-8.5606,-75.018,-9.2154e-08,-83.192
3.46,0.6319,4.4627e-10,0.91158,-0.30425,5.5198e-11,-0.95259,2.7738e-10,-3.3613,-1.7404e-09,0.28129,1.5164e-09,0.16954,-4.5873e-10,11.357,1.2465e-09,6.1587,0,0,0,5.9143,5.9392,5.9392,5.9143,-10.757,2.696e-08,-9.3915,-73.836,-9.5379e-08,-82.984
3.47,0.59885,4.2893e-10,0.9147,-0.30342,4.8332e-11,-0.95286,2.7983e-10,-3.2483,-1.7266e-09,0.3424,1.4965e-09,0.17813,-4.5082e-10,11.245,1.5112e-09,6.0607,0,0,0,5.8705,5.8956,5.8956,5.8705,-11.489,2.599e-08,-10.22,-72.585,-9.8462e-08,-82.677
3.48,0.56693,4.1175e-10,0.91843,-0.30255,4.1624e-11,-0.95313,2.8242e-10,-3.1364,-1.7102e-09,0.40248,1.4768e-09,0.18678,-4.4305e-10,11.127,1.7662e-09,5.9544,0,0,0,5.8235,5.8488,5.8488,5.8235,-12.208,2.4991e-08,-11.045,-71.266,-1.014e-07,-82.267
3.49,0.53612,3.9474e-10,0.92275,-0.30164,3.5073e-11,-0.95342,2.8514e-10,-3.0257,-1.6913e-09,0.46146,1.4575e-09,0.19552,-4.3541e-10,11.001,2.0109e-09,5.8398,0,0,0,5.7731,5.7987,5.7987,5.7731,-12.914,2.3963e-08,-11.865,-69.876,-1.0418e-07,-81.752
3.5,0.50641,3.7793e-10,0.92765,-0.30068,2.8677e-11,-0.95372,2.8799e-10,-2.9164,-1.6701e-09,0.51925,1.4384e-09,0.2044,-4.2788e-10,10.869,2.2453e-09,5.7171,0,0,0,5.7194,5.7455,5.7455,5.7194,-13.606,2.2908e-08,-12.679,-68.416,-1.068e-07,-81.131
3.51,0.47779,3.6134e-10,0.93313,-0.29969,2.2436e-11,-0.95404,2.9097e-10,-2.8084,-1.6465e-09,0.57577,1.4195e-09,0.21342,-4.2045e-10,10.729,2.469e-09,5.5862,0,0,0,5.6626,5.6891,5.6891,5.6626,-14.282,2.1827e-08,-13.487,-66.885,-1.0926e-07,-80.401
3.52,0.45024,3.45e-10,0.93916,-0.29865,1.6348e-11,-0.95436,2.9408e-10,-2.7018,-1.6207e-09,0.63094,1.401e-09,0.22264,-4.1312e-10,10.583,2.6818e-09,5.4474,0,0,0,5.6026,5.6297,5.6297,5.6026,-14.943,2.0723e-08,-14.287,-65.283,-1.1154e-07,-79.56
3.53,0.42375,3.2894e-10,0.94574,-0.29756,1.0412e-11,-0.9547,2.9732e-10,-2.5967,-1.5929e-09,0.68469,1.3826e-09,0.23208,-4.0587e-10,10.43,2.8834e-09,5.3005,0,0,0,5.5394,5.5672,5.5672,5.5394,-15.588,1.9597e-08,-15.078,-63.608,-1.1366e-07,-78.606
3.54,0.3983,3.1315e-10,0.95285,-0.29643,4.6264e-12,-0.95505,3.007e-10,-2.4932,-1.5631e-09,0.73693,1.3645e-09,0.24177,-3.9871e-10,10.271,3.0737e-09,5.1458,0,0,0,5.4732,5.5018,5.5018,5.4732,-16.215,1.8451e-08,-15.859,-61.861,-1.1559e-07,-77.537
3.55,0.37388,2.9768e-10,0.96048,-0.29525,-1.0088e-12,-0.95542,3.0421e-10,-2.3913,-1.5314e-09,0.78758,1.3466e-09,0.25177,-3.9162e-10,10.106,3.2524e-09,4.9834,0,0,0,5.4039,5.4335,5.4335,5.4039,-16.825,1.7286e-08,-16.628,-60.04,-1.1733e-07,-76.351
3.56,0.35047,2.8253e-10,0.9686,-0.29403,-6.4947e-12,-0.9558,3.0784e-10,-2.2911,-1.4981e-09,0.83657,1.3288e-09,0.26209,-3.8459e-10,9.935,3.4193e-09,4.8133,0,0,0,5.3317,5.3623,5.3623,5.3317,-17.416,1.6105e-08,-17.385,-58.145,-1.1889e-07,-75.045
3.57,0.32805,2.6772e-10,0.9772,-0.29275,-1.1832e-11,-0.95619,3.1161e-10,-2.1927,-1.4631e-09,0.88382,1.3113e-09,0.2728,-3.7761e-10,9.758,3.5744e-09,4.6357,0,0,0,5.2566,5.2884,5.2884,5.2566,-17.987,1.4909e-08,-18.129,-56.175,-1.2024e-07,-73.617
3.58,0.30661,2.5327e-10,0.98627,-0.29142,-1.702e-11,-0.9566,3.1551e-10,-2.096,-1.4266e-09,0.92926,1.2939e-09,0.28394,-3.7069e-10,9.5753,3.7175e-09,4.4508,0,0,0,5.1787,5.2118,5.2118,5.1787,-18.539,1.3701e-08,-18.857,-54.13,-1.214e-07,-72.065
3.59,0.28612,2.392e-10,0.99578,-0.29003,-2.2061e-11,-0.95702,3.1954e-10,-2.0012,-1.3888e-09,0.97281,1.2766e-09,0.29555,-3.638e-10,9.3873,3.8484e-09,4.2586,0,0,0,5.098,5.1326,5.1326,5.098,-19.07,1.2482e-08,-19.57,-52.009,-1.2234e-07,-70.388
3.6,0.26658,2.255e-10,1.0057,-0.28859,-2.6954e-11,-0.95745,3.237e-10,-1.9083,-1.3497e-09,1.0144,1.2595e-09,0.30769,-3.5694e-10,9.194,3.9671e-09,4.0595,0,0,0,5.0147,5.0508,5.0508,5.0147,-19.579,1.1254e-08,-20.265,-49.812,-1.2308e-07,-68.583
3.61,0.24795,2.1221e-10,1.0161,-0.28708,-3.1699e-11,-0.95791,3.2799e-10,-1.8173,-1.3095e-09,1.054,1.2425e-09,0.32041,-3.501e-10,8.9958,4.0735e-09,3.8534,0,0,0,4.9287,4.9667,4.9667,4.9287,-20.066,1.0021e-08,-20.941,-47.537,-1.2359e-07,-66.647
3.62,0.23023,1.9932e-10,1.0268,-0.28552,-3.6295e-11,-0.95837,3.3241e-10,-1.7284,-1.2683e-09,1.0915,1.2256e-09,0.33378,-3.4328e-10,8.7928,4.1675e-09,3.6407,0,0,0,4.8402,4.8802,4.8802,4.8402,-20.529,8.7833e-09,-21.597,-45.185,-1.2388e-07,-64.579
3.63,0.21338,1.8684e-10,1.0379,-0.28388,-4.0743e-11,-0.95886,3.3695e-10,-1.6415,-1.2262e-09,1.1268,1.2088e-09,0.34787,-3.3647e-10,8.5853,4.2491e-09,3.4215,0,0,0,4.7493,4.7915,4.7915,4.7493,-20.969,7.5439e-09,-22.232,-42.754,-1.2395e-07,-62.376
3.64,0.19739,1.7479e-10,1.0493,-0.28218,-4.5041e-11,-0.95936,3.4163e-10,-1.5567,-1.1833e-09,1.1599,1.192e-09,0.36275,-3.2965e-10,8.3735,4.3184e-09,3.1961,0,0,0,4.6561,4.7006,4.7006,4.6561,-21.384,6.3051e-09,-22.844,-40.245,-1.2377e-07,-60.037
3.65,0.18224,1.6318e-10,1.0611,-0.2804,-4.919e-11,-0.95988,3.4643e-10,-1.474,-1.1399e-09,1.1907,1.1753e-09,0.3785,-3.2282e-10,8.1577,4.3752e-09,2.9647,0,0,0,4.5606,4.6078,4.6078,4.5606,-21.774,5.0692e-09,-23.432,-37.655,-1.2336e-07,-57.56
3.66,0.1679,1.52e-10,1.0731,-0.27854,-5.3186e-11,-0.96042,3.5136e-10,-1.3935,-1.0959e-09,1.2191,1.1586e-09,0.39521,-3.1598e-10,7.9381,4.4198e-09,2.7276,0,0,0,4.4629,4.5131,4.5131,4.4629,-22.137,3.8387e-09,-23.995,-34.986,-1.227e-07,-54.941
3.67,0.15436,1.4126e-10,1.0854,-0.2766,-5.7029e-11,-0.96098,3.5641e-10,-1.3153,-1.0515e-09,1.2452,1.1419e-09,0.41298,-3.091e-10,7.715,4.452e-09,2.4849,0,0,0,4.3633,4.4166,4.4166,4.3633,-22.473,2.616e-09,-24.531,-32.236,-1.2179e-07,-52.179
3.68,0.14159,1.3097e-10,1.098,-0.27457,-6.0717e-11,-0.96157,3.6159e-10,-1.2392,-1.0069e-09,1.2688,1.1252e-09,0.4319,-3.0218e-10,7.4887,4.4721e-09,2.2371,0,0,0,4.2616,4.3185,4.3185,4.2616,-22.781,1.4037e-09,-25.038,-29.405,-1.2063e-07,-49.272
3.69,0.12957,1.2113e-10,1.1108,-0.27245,-6.4248e-11,-0.96217,3.669e-10,-1.1655,-9.621e-10,1.2899,1.1084e-09,0.4521,-2.9522e-10,7.2595,4.4801e-09,1.9843,0,0,0,4.1582,4.2189,4.2189,4.1582,-23.061,2.0431e-10,-25.516,-26.491,-1.192e-07,-46.218
3.7,0.11827,1.1173e-10,1.1238,-0.27022,-6.7619e-11,-0.9628,3.7233e-10,-1.0941,-9.1731e-10,1.3085,1.0915e-09,0.47369,-2.882e-10,7.0276,4.4763e-09,1.7268,0,0,0,4.053,4.118,4.118,4.053,-23.311,-9.7944e-10,-25.962,-23.495,-1.1751e-07,-43.014
3.71,0.10768,1.0278e-10,1.137,-0.26789,-7.0826e-11,-0.96345,3.7789e-10,-1.0249,-8.7261e-10,1.3245,1.0745e-09,0.49683,-2.8111e-10,6.7934,4.4606e-09,1.4651,0,0,0,3.9462,4.016,4.016,3.9462,-23.531,-2.1449e-09,-26.375,-20.416,-1.1554e-07,-39.659
3.72,0.097765,9.4275e-11,1.1503,-0.26543,-7.3866e-11,-0.96413,3.8357e-10,-0.9582,-8.2813e-10,1.3378,1.0574e-09,0.52166,-2.7394e-10,6.5571,4.4334e-09,1.1994,0,0,0,3.8379,3.9129,3.9129,3.8379,-23.719,-3.2893e-09,-26.755,-17.252,-1.1329e-07,-36.149
3.73,0.088507,8.6215e-11,1.1637,-0.26285,-7.6736e-11,-0.96484,3.8937e-10,-0.89381,-7.8398e-10,1.3484,1.0401e-09,0.54835,-2.6668e-10,6.3191,4.3949e-09,0.93015,0,0,0,3.7283,3.8089,3.8089,3.7283,-23.875,-4.4098e-09,-27.098,-14.005,-1.1076e-07,-32.485
3.74,0.07988,7.8594e-11,1.1773,-0.26014,-7.9429e-11,-0.96557,3.953e-10,-0.83182,-7.4027e-10,1.3564,1.0226e-09,0.57709,-2.5932e-10,6.0797,4.3453e-09,0.65761,0,0,0,3.6175,3.7043,3.7043,3.6175,-23.999,-5.5036e-09,-27.404,-10.672,-1.0795e-07,-28.662
3.75,0.071862,7.1408e-11,1.1908,-0.25728,-8.1941e-11,-0.96634,4.0135e-10,-0.77222,-6.9711e-10,1.3616,1.0048e-09,0.60807,-2.5185e-10,5.8392,4.2849e-09,0.38221,0,0,0,3.5055,3.5992,3.5992,3.5055,-24.088,-6.5678e-09,-27.671,-7.2538,-1.0484e-07,-24.678
3.76,0.064428,6.465e-11,1.2045,-0.25426,-8.4264e-11,-0.96714,4.0752e-10,-0.71504,-6.5461e-10,1.364,9.8679e-10,0.64152,-2.4425e-10,5.598,4.2141e-09,0.10434,0,0,0,3.3926,3.4939,3.4939,3.3926,-24.144,-7.5993e-09,-27.897,-3.7491,-1.0142e-07,-20.533
3.77,0.057553,5.8313e-11,1.2181,-0.25107,-8.6393e-11,-0.96797,4.1381e-10,-0.66026,-6.1286e-10,1.3637,9.6839e-10,0.67767,-2.3652e-10,5.3565,4.1331e-09,-0.17559,0,0,0,3.2789,3.3884,3.3884,3.2789,-24.163,-8.5952e-09,-28.081,-0.15758,-9.7708e-08,-16.223
3.78,0.051215,5.239e-11,1.2317,-0.24769,-8.8318e-11,-0.96884,4.2022e-10,-0.60791,-5.7198e-10,1.3605,9.496e-10,0.7168,-2.2863e-10,5.1149,4.0423e-09,-0.45713,0,0,0,3.1645,3.283,3.283,3.1645,-24.146,-9.5524e-09,-28.221,3.5215,-9.3681e-08,-11.747
3.79,0.045387,4.687e-11,1.2453,-0.24412,-9.0031e-11,-0.96975,4.2675e-10,-0.55796,-5.3205e-10,1.3545,9.3036e-10,0.75918,-2.2058e-10,4.8737,3.9422e-09,-0.73985,0,0,0,3.0496,3.178,3.178,3.0496,-24.092,-1.0468e-08,-28.315,7.2887,-8.9338e-08,-7.1014
3.8,0.040047,4.1745e-11,1.2588,-0.24033,-9.1521e-11,-0.97069,4.3341e-10,-0.51043,-4.9317e-10,1.3457,9.1061e-10,0.80513,-2.1236e-10,4.6332,3.8331e-09,-1.0233,0,0,0,2.9343,3.0736,3.0736,2.9343,-24,-1.1338e-08,-28.362,11.145,-8.4675e-08,-2.2854
3.81,0.035171,3.7003e-11,1.2722,-0.2363,-9.2777e-11,-0.97168,4.4018e-10,-0.4653,-4.5542e-10,1.334,8.9029e-10,0.85497,-2.0395e-10,4.3938,3.7156e-09,-1.3069,0,0,0,2.8188,2.9699,2.9699,2.8188,-23.869,-1.216e-08,-28.36,15.09,-7.9684e-08,2.7037
3.82,0.030733,3.2633e-11,1.2855,-0.23201,-9.3786e-11,-0.97271,4.4707e-10,-0.42255,-4.1888e-10,1.3196,8.6932e-10,0.90904,-1.9534e-10,4.1559,3.5901e-09,-1.5903,0,0,0,2.7033,2.8673,2.8673,2.7033,-23.698,-1.2931e-08,-28.307,19.125,-7.4362e-08,7.8678
3.83,0.026712,2.8621e-11,1.2986,-0.22745,-9.4533e-11,-0.97379,4.5408e-10,-0.38217,-3.8364e-10,1.3022,8.4764e-10,0.96773,-1.8653e-10,3.92,3.4571e-09,-1.8729,0,0,0,2.5879,2.7659,2.7659,2.5879,-23.486,-1.3646e-08,-28.202,23.251,-6.8702e-08,13.209
3.84,0.023082,2.4955e-11,1.3115,-0.22258,-9.5003e-11,-0.97491,4.612e-10,-0.34414,-3.4976e-10,1.2821,8.2514e-10,1.0314,-1.775e-10,3.6863,3.3173e-09,-2.1542,0,0,0,2.473,2.6659,2.6659,2.473,-23.233,-1.4304e-08,-28.043,27.468,-6.2699e-08,18.73
3.85,0.019821,2.1621e-11,1.3242,-0.21738,-9.5177e-11,-0.97609,4.6845e-10,-0.30844,-3.1731e-10,1.2592,8.0175e-10,1.1004,-1.6824e-10,3.4554,3.1713e-09,-2.4336,0,0,0,2.3586,2.5677,2.5677,2.3586,-22.937,-1.4899e-08,-27.827,31.777,-5.6348e-08,24.433
3.86,0.016906,1.8604e-11,1.3367,-0.21183,-9.5037e-11,-0.97731,4.758e-10,-0.27502,-2.8635e-10,1.2334,7.7737e-10,1.1751,-1.5876e-10,3.2277,3.0196e-09,-2.7105,0,0,0,2.2451,2.4713,2.4713,2.2451,-22.597,-1.5429e-08,-27.553,36.178,-4.9644e-08,30.319
3.87,0.014313,1.5889e-11,1.3489,-0.20589,-9.4562e-11,-0.97858,4.8327e-10,-0.24387,-2.5694e-10,1.205,7.519e-10,1.2559,-1.4906e-10,3.0037,2.8629e-09,-2.9844,0,0,0,2.1328,2.3769,2.3769,2.1328,-22.213,-1.5891e-08,-27.22,40.672,-4.258e-08,36.391
3.88,0.012021,1.346e-11,1.3608,-0.19953,-9.3727e-11,-0.97989,4.9085e-10,-0.21494,-2.2911e-10,1.1738,7.2523e-10,1.3429,-1.3915e-10,2.7836,2.702e-09,-3.2547,0,0,0,2.0221,2.2847,2.2847,2.0221,-21.783,-1.628e-08,-26.825,45.26,-3.5152e-08,42.651
3.89,0.010007,1.1301e-11,1.3724,-0.19272,-9.251e-11,-0.98125,4.9854e-10,-0.18818,-2.0291e-10,1.1399,6.9725e-10,1.4363,-1.2903e-10,2.5681,2.5376e-09,-3.5207,0,0,0,1.9134,2.1947,2.1947,1.9134,-21.307,-1.6593e-08,-26.366,49.942,-2.7353e-08,49.101
3.9,0.0082501,9.3963e-12,1.3836,-0.18542,-9.0884e-11,-0.98266,5.0633e-10,-0.16356,-1.7837e-10,1.1034,6.6784e-10,1.536,-1.1874e-10,2.3576,2.3704e-09,-3.7818,0,0,0,1.8073,2.1068,2.1068,1.8073,-20.784,-1.6826e-08,-25.842,54.719,-1.918e-08,55.743
3.91,0.006729,7.7284e-12,1.3944,-0.17761,-8.8824e-11,-0.9841,5.1422e-10,-0.14101,-1.5551e-10,1.0643,6.369e-10,1.6419,-1.083e-10,2.1526,2.2013e-09,-4.0373,0,0,0,1.7045,2.021,2.021,1.7045,-20.213,-1.6975e-08,-25.251,59.591,-1.0626e-08,62.58
3.92,0.0054232,6.2805e-12,1.4049,-0.16926,-8.6303e-11,-0.98557,5.222e-10,-0.12049,-1.3435e-10,1.0226,6.0433e-10,1.7532,-9.7779e-11,1.9536,2.0312e-09,-4.2866,0,0,0,1.6058,1.9368,1.9368,1.6058,-19.592,-1.7037e-08,-24.59,64.559,-1.6857e-09,69.613
3.93,0.0043128,5.0358e-12,1.4149,-0.16033,-8.3297e-11,-0.98706,5.3027e-10,-0.10192,-1.1489e-10,0.97855,5.7005e-10,1.8688,-8.7227e-11,1.7609,1.8609e-09,-4.5289,0,0,0,1.5123,1.8537,1.8537,1.5123,-18.921,-1.7007e-08,-23.858,69.624,7.6461e-09,76.845
3.94,0.0033785,3.9771e-12,1.4244,-0.15081,-7.9783e-11,-0.98856,5.3841e-10,-0.085244,-9.7125e-11,0.93209,5.3398e-10,1.987,-7.6733e-11,1.5753,1.6914e-09,-4.7635,0,0,0,1.4253,1.7711,1.7711,1.4253,-18.199,-1.6883e-08,-23.053,74.787,1.7375e-08,84.278
3.95,0.0026018,3.0876e-12,1.4335,-0.14068,-7.5744e-11,-0.99005,5.4661e-10,-0.070388,-8.1053e-11,0.88331,4.9611e-10,2.1053,-6.6399e-11,1.3971,1.5236e-09,-4.9897,0,0,0,1.3464,1.6879,1.6879,1.3464,-17.425,-1.6659e-08,-22.172,80.047,2.7506e-08,91.913
3.96,0.0019649,2.3505e-12,1.4421,-0.12997,-7.1174e-11,-0.99152,5.5485e-10,-0.057274,-6.6645e-11,0.83232,4.5647e-10,2.2202,-5.635e-11,1.227,1.3585e-09,-5.2067,0,0,0,1.2774,1.6028,1.6028,1.2774,-16.598,-1.6331e-08,-21.214,85.406,3.8044e-08,99.754
3.97,0.0014508,1.7493e-12,1.4501,-0.11868,-6.6074e-11,-0.99293,5.6312e-10,-0.04582,-5.3869e-11,0.77921,4.1515e-10,2.327,-4.6728e-11,1.0654,1.1973e-09,-5.4137,0,0,0,1.2205,1.5142,1.5142,1.2205,-15.717,-1.5896e-08,-20.176,90.864,4.8996e-08,107.8
3.98,0.0010433,1.2678e-12,1.4577,-0.10688,-6.0465e-11,-0.99427,5.7141e-10,-0.035937,-4.2682e-11,0.72408,3.7237e-10,2.4197,-3.769e-11,0.91282,1.041e-09,-5.61,0,0,0,1.1779,1.4204,1.4204,1.1779,-14.78,-1.535e-08,-19.057,96.421,6.0367e-08,116.06
3.99,0.00072714,8.9054e-13,1.4646,-0.094659,-5.4388e-11,-0.99551,5.7967e-10,-0.027531,-3.3029e-11,0.66705,3.2843e-10,2.4909,-2.94e-11,0.76993,8.907e-10,-5.7946,0,0,0,1.152,1.3196,1.3196,1.152,-13.788,-1.4688e-08,-17.854,102.08,7.2161e-08,124.53
4,0.00048807,6.0237e-13,1.471,-0.082137,-4.7912e-11,-0.99662,5.879e-10,-0.020504,-2.4844e-11,0.60823,2.838e-10,2.5317,-2.2016e-11,0.63725,7.4763e-10,-5.9667,0,0,0,1.1448,1.2101,1.2101,1.1448,-12.738,-1.3905e-08,-16.566,107.84,8.4384e-08,133.21
4.01,0.00031282,3.8903e-13,1.4768,-0.069494,-4.1138e-11,-0.99758,5.9608e-10,-0.01475,-1.8048e-11,0.54776,2.3909e-10,2.5323,-1.5675e-11,0.51536,6.1301e-10,-6.1256,0,0,0,1.1578,1.0909,1.0909,1.1578,-11.631,-1.2998e-08,-15.189,113.7,9.7043e-08,142.11
4.02,0.00018919,2.3707e-13,1.4819,-0.05696,-3.4205e-11,-0.99838,6.0417e-10,-0.010159,-1.2552e-11,0.48577,1.9511e-10,2.4823,-1.0474e-11,0.40483,4.881e-10,-6.2702,0,0,0,1.1916,0.96184,0.96184,1.1916,-10.464,-1.1963e-08,-13.723,119.66,1.1014e-07,151.23
4.03,0.00010615,1.3401e-13,1.4865,-0.044814,-2.7291e-11,-0.999,6.1218e-10,-0.0066138,-8.2498e-12,0.42241,1.5281e-10,2.3712,-6.4495e-12,0.30628,3.742e-10,-6.3997,0,0,0,1.2453,0.82419,0.82419,1.2453,-9.2373,-1.0794e-08,-12.164,125.73,1.2369e-07,160.56
4.04,5.3837e-05,6.8475e-14,1.4904,-0.033388,-2.0613e-11,-0.99944,6.2008e-10,-0.0039917,-5.0263e-12,0.35783,1.1332e-10,2.1904,-3.5612e-12,0.22029,2.7267e-10,-6.5132,0,0,0,1.316,0.68101,0.68101,1.316,-7.9492,-9.4876e-09,-10.511,131.9,1.3768e-07,170.12
4.05,2.3666e-05,3.0323e-14,1.4936,-0.02305,-1.4422e-11,-0.99973,6.2789e-10,-0.002164,-2.7504e-12,0.2922,7.7862e-11,1.9336,-1.6884e-12,0.1475,1.8492e-10,-6.6096,0,0,0,1.3989,0.53728,0.53728,1.3989,-6.599,-8.0389e-09,-8.7607,138.17,1.5213e-07,179.9
4.06,8.3595e-06,1.0789e-14,1.4962,-0.014189,-8.9942e-12,-0.9999,6.3561e-10,-0.00099563,-1.2772e-12,0.2257,4.7697e-11,1.5986,-6.3647e-13,0.088523,1.1239e-10,-6.6881,0,0,0,1.4876,0.39991,0.39991,1.4876,-5.1855,-6.4434e-09,-6.9118,144.55,1.6705e-07,189.91
4.07,2.0259e-06,2.6337e-15,1.4981,-0.0071916,-4.6175e-12,-0.99997,6.4326e-10,-0.00034532,-4.4703e-13,0.1585,2.4058e-11,1.1885,-1.6267e-13,0.044003,5.6558e-11,-6.7475,0,0,0,1.5736,0.27728,0.27728,1.5736,-3.7077,-4.6964e-09,-4.9617,151.03,1.8243e-07,200.15
4.08,2.1837e-07,2.8593e-16,1.4994,-4.6255e-12,0.0024153,-6.1409e-10,1,-6.523e-05,-8.5206e-14,0.090811,1.7936e-09,-0.71216,-1.8254e-14,0.014587,1.8977e-11,-6.787,0,0,0,0.17851,1.6484,1.6484,0.17851,-2.1646,-2.7933e-09,-2.908,157.62,1.9828e-07,210.62
4.09,8.7651e-10,1.1559e-18,1.5,-3.001e-13,0.00015544,-6.1409e-10,1,-1.0445e-06,-1.3765e-15,0.022832,4.6991e-10,-0.18484,-7.5219e-17,0.00093301,1.2284e-12,-6.8053,0,0,0,0.11253,1.7032,1.7032,0.11253,-0.555,-7.2927e-10,-0.74853,164.31,2.1461e-07,221.32
4.0934,-7.7716e-15,3.3087e-23,1.5,-7.3206e-24,4.737e-15,-6.1409e-10,1,4.4409e-15,-1.3235e-23,-2.1316e-14,-2.9475e-23,-4.737e-15,-1.8808e-37,2.8422e-14,2.647e-23,-6.8066,0,0,0,0.099124,1.7159,1.7159,0.099124,-1.4211e-14,1.0588e-22,5.6843e-14,166.58,2.202e-07,224.96
